"shot_id","shot_made_flag"
1,0.3965519307
8,0.5624652402
17,0.5940445481
20,0.581365247
33,0.4398674864
34,0.4270244833
35,0.6214260837
36,0.6193836536
37,0.6278409795
38,0.4416763019
45,0.5876393424
50,0.3879956259
55,0.3168480082
60,0.3104080684
66,0.4859785669
67,0.4658648217
71,0.3986139553
80,0.5099799088
85,0.5188396535
86,0.4351071596
95,0.4176317156
104,0.3847583028
113,0.3294031824
123,0.4122147211
126,0.4277076149
133,0.5944260798
141,0.5269420098
144,0.3410864737
150,0.6118259394
152,0.445141787
153,0.6063067581
156,0.6034528209
159,0.5951878939
165,0.586698323
172,0.3725007235
182,0.5546130865
192,0.3878951924
193,0.597681268
196,0.4101340643
202,0.3801027981
210,0.2847116334
211,0.3466434142
228,0.5850151212
257,0.4294697897
260,0.4268900582
264,0.4210417828
267,0.4131965151
279,0.6262161489
282,0.435761482
293,0.4773768686
299,0.4802477738
300,0.4386307171
301,0.4903689984
317,0.335464492
327,0.349536932
328,0.44450308
335,0.6091741391
346,0.5447172789
348,0.5181889335
365,0.4275597916
390,0.5759494439
391,0.5726866608
392,0.4848182329
397,0.347969114
418,0.3537709855
428,0.3952336828
434,0.4785392809
439,0.5613694719
440,0.3192001027
456,0.4129123699
459,0.501696702
472,0.3425870214
480,0.4047285527
491,0.3252820518
497,0.4390925142
509,0.3341239341
511,0.3115732855
523,0.4592101052
533,0.4401691741
544,0.6315853774
546,0.3611323129
555,0.6130145476
558,0.3416362968
560,0.404537809
573,0.385574149
591,0.3439057039
596,0.474125529
597,0.3297596996
601,0.4729529903
605,0.4026857479
617,0.4355798633
628,0.3641481264
634,0.4148442955
646,0.5158325989
649,0.3997592815
651,0.5781780837
654,0.5721708983
656,0.6212911438
657,0.4903144223
669,0.3862964438
670,0.5970481701
693,0.5056862516
694,0.4518599155
699,0.4331681007
711,0.3768312584
718,0.4474929688
722,0.4282569196
723,0.329989336
725,0.5284207715
734,0.4455409016
735,0.6269557241
737,0.5705451125
746,0.4313556923
747,0.4098583109
766,0.3535388287
767,0.4132011464
771,0.4588024044
773,0.5352428166
774,0.4458313703
783,0.5413314411
784,0.3518743003
789,0.4041501359
792,0.3309290889
804,0.3347880919
809,0.3881056486
812,0.3611031588
813,0.335556119
817,0.5051580091
820,0.3924150526
825,0.3437003337
826,0.3614060042
829,0.3210962254
855,0.3195169643
859,0.5756699552
862,0.310345851
870,0.2948234249
876,0.3957635629
880,0.3515531446
886,0.5687924383
889,0.3605203811
891,0.5591197437
897,0.5489671959
902,0.3744375495
903,0.5709651486
908,0.3695218818
909,0.4347580691
920,0.3409309339
922,0.4442543536
924,0.4487424195
932,0.3812849911
934,0.357370078
937,0.3516372568
941,0.4642325179
943,0.4312689985
950,0.4006727027
952,0.4013698022
954,0.5937694815
963,0.357949944
975,0.3947092646
979,0.3877722457
981,0.4348016467
983,0.3044989536
985,0.5784303676
989,0.5686759785
995,0.4134828918
998,0.6044816756
1008,0.5270752425
1019,0.6043977036
1023,0.3592528198
1026,0.3956230915
1029,0.419401398
1034,0.4120254387
1036,0.5217201548
1038,0.3736590826
1039,0.3784127654
1051,0.5771065546
1052,0.4196635887
1066,0.405841054
1087,0.4924538677
1092,0.3824504131
1094,0.4382384474
1098,0.4044729465
1099,0.3453881209
1102,0.3174973168
1118,0.3985256015
1131,0.5537598132
1133,0.6262983531
1135,0.6214359673
1138,0.6108873764
1139,0.6103028269
1142,0.3324338306
1151,0.5806984958
1152,0.4007695326
1155,0.5724418165
1165,0.3865077429
1167,0.5701473537
1172,0.5657721137
1174,0.5522130732
1180,0.5886127116
1200,0.3982014625
1202,0.41309463
1227,0.4388639512
1228,0.5629076959
1229,0.3930343834
1237,0.6100099854
1241,0.4571971583
1256,0.4057089785
1279,0.3927334566
1293,0.5831380796
1295,0.4017218234
1319,0.6075428471
1320,0.423521002
1321,0.5364907843
1322,0.5304109466
1334,0.3266425118
1351,0.5278032809
1373,0.4222832921
1375,0.4096112141
1380,0.6018938097
1382,0.4978554085
1385,0.5779634692
1399,0.4618614093
1403,0.5920102289
1428,0.5007842408
1434,0.3539699464
1444,0.595737355
1448,0.3184305008
1466,0.3943150419
1476,0.3850206865
1478,0.4123119748
1485,0.3822757027
1491,0.6020865279
1494,0.4601639806
1500,0.6048175018
1501,0.4245404352
1503,0.430754638
1519,0.5963929346
1524,0.4705534158
1529,0.5096035734
1533,0.5747481204
1538,0.6341352548
1539,0.4081999137
1546,0.6148664847
1555,0.4151867749
1559,0.4221758329
1563,0.5122106766
1565,0.5704718471
1574,0.3678304408
1591,0.3811623367
1594,0.4892285742
1605,0.3524363771
1611,0.4102781253
1614,0.4133880206
1620,0.3809836285
1626,0.4295286454
1630,0.3733274124
1632,0.3322394112
1634,0.4909641247
1643,0.3988067154
1651,0.3975429949
1655,0.4222754845
1658,0.4479373315
1659,0.4453628095
1665,0.3917159953
1675,0.4241049969
1680,0.547379903
1690,0.4364702627
1696,0.5432423763
1714,0.5441737996
1721,0.3578940263
1726,0.4013256453
1728,0.3800937235
1734,0.3960237071
1735,0.4017283221
1740,0.4401991585
1744,0.4676831807
1747,0.4334997725
1752,0.4475949204
1763,0.5984628763
1765,0.5943204631
1769,0.3729551297
1785,0.4885761445
1787,0.4622812283
1788,0.6266270971
1793,0.4013556577
1800,0.3918874326
1825,0.3845790305
1826,0.5859948679
1834,0.3291527258
1843,0.3058172123
1844,0.3019154361
1848,0.4221576894
1849,0.6081702775
1860,0.5899517393
1863,0.5868896983
1875,0.4973812086
1883,0.3937035979
1890,0.4217542949
1892,0.4159613255
1893,0.4597117902
1897,0.510273473
1905,0.342886145
1908,0.4883495786
1931,0.545533339
1940,0.5971326623
1943,0.4015285079
1947,0.2905044671
1965,0.4187199798
1967,0.3774736343
1968,0.3700673615
1972,0.5748764162
1982,0.3823151367
1985,0.3909702556
2005,0.3946027022
2010,0.414503882
2021,0.4371227591
2024,0.4755926455
2036,0.4422922953
2043,0.4908879147
2047,0.4115473851
2049,0.3751599093
2055,0.4325846253
2065,0.3657281882
2066,0.4042230923
2070,0.5220930683
2077,0.5763349343
2085,0.5268591697
2095,0.4425714854
2097,0.6329937315
2108,0.617773254
2112,0.5905940842
2113,0.6042887893
2122,0.434157949
2139,0.4293928021
2144,0.4120634484
2146,0.555015035
2148,0.3655762894
2149,0.6115550428
2157,0.323474462
2159,0.348716037
2168,0.35932965
2176,0.5072195339
2178,0.5053759686
2181,0.3894139847
2187,0.4664485841
2188,0.4356290685
2190,0.4134642505
2194,0.5853983028
2197,0.5053454678
2214,0.2981660665
2217,0.2955367077
2222,0.3742110448
2223,0.4036513733
2226,0.3682016462
2230,0.5721274504
2240,0.5589251721
2247,0.2958183321
2250,0.5506589467
2259,0.4287283278
2262,0.4323992054
2266,0.3374830558
2305,0.3839434774
2310,0.3480478555
2313,0.6165695853
2319,0.4219491773
2320,0.4741128493
2345,0.5615927835
2350,0.648974508
2356,0.4202252269
2360,0.4261072239
2370,0.3716122954
2386,0.3828678079
2398,0.2906262058
2414,0.5925191073
2435,0.5771065546
2439,0.5712674762
2446,0.5643726009
2458,0.4259050738
2465,0.3937482863
2466,0.3932228576
2470,0.3697143188
2495,0.632606745
2501,0.3895838723
2507,0.4853182734
2533,0.2681606244
2537,0.4009511578
2538,0.430920005
2541,0.4906895273
2542,0.6250441692
2544,0.5529834717
2554,0.5080631392
2555,0.4755661799
2565,0.5960731387
2575,0.5753225071
2586,0.6370636648
2588,0.4376166242
2594,0.6185193579
2617,0.5826257382
2618,0.4868509907
2623,0.6198025594
2631,0.606642043
2640,0.5242210838
2642,0.5906102537
2647,0.4096357692
2663,0.3556591514
2664,0.4379698851
2676,0.3429461836
2680,0.5592063172
2681,0.3477934182
2691,0.4474818464
2693,0.4399345318
2695,0.6365561997
2704,0.4226734843
2708,0.3196333033
2709,0.5893139251
2717,0.5710093997
2722,0.423771552
2728,0.3806572368
2732,0.613055759
2743,0.6013884744
2752,0.520570292
2757,0.5937904331
2761,0.5858033705
2769,0.4799363485
2771,0.5729657361
2774,0.3932736219
2776,0.3953531565
2781,0.4468513629
2793,0.4458308847
2799,0.312225953
2803,0.4879337615
2811,0.4424836718
2818,0.4041288297
2824,0.5653452739
2828,0.5986098854
2829,0.4206654775
2830,0.3988059964
2842,0.5608942385
2847,0.6073330263
2848,0.4060369746
2868,0.4354829938
2870,0.4640378936
2885,0.4358078877
2886,0.3999828127
2889,0.5274607651
2903,0.3779168404
2904,0.5716115178
2918,0.3807835438
2919,0.3792050179
2922,0.4488246624
2923,0.5237743617
2931,0.4647944672
2945,0.4024574392
2955,0.3836088702
2957,0.5714820495
2960,0.5688998803
2963,0.4469938336
2966,0.5543742643
2972,0.4740071745
2974,0.4451110972
2982,0.420214355
2984,0.4783055143
3016,0.6000227817
3021,0.3929365663
3023,0.5756062996
3025,0.4244190479
3029,0.532851023
3034,0.580831145
3038,0.3907212662
3040,0.4477217362
3051,0.4855818676
3062,0.4239891394
3069,0.3537622364
3071,0.4716237447
3076,0.5968155607
3079,0.4901730592
3081,0.4983966026
3082,0.3887550369
3084,0.4036908915
3098,0.3438282812
3104,0.3429946114
3105,0.3714631971
3114,0.5967519495
3118,0.4076026012
3122,0.4764546091
3132,0.485934557
3138,0.4980564547
3141,0.6352752733
3156,0.6019806686
3162,0.5812797668
3167,0.3075685458
3170,0.3553786616
3171,0.3469950905
3172,0.3516095046
3176,0.6161338045
3180,0.3868114822
3189,0.5070501271
3198,0.4250054503
3206,0.4333435402
3215,0.5583528371
3222,0.5718277808
3228,0.3856024817
3229,0.3808645536
3232,0.3831272211
3233,0.5213035989
3238,0.3651436316
3256,0.6033539609
3264,0.4001705055
3273,0.4188074065
3275,0.4549902087
3285,0.5801601764
3289,0.4155732074
3294,0.2920486391
3306,0.3486329719
3311,0.5927525041
3318,0.4119079014
3322,0.3913425936
3324,0.4101423498
3334,0.372055348
3341,0.3916625841
3345,0.5267403677
3346,0.5974069956
3352,0.5081011298
3368,0.3992614474
3371,0.3020729784
3372,0.4143816927
3375,0.4239987698
3384,0.4040904816
3387,0.4436004679
3393,0.4146186014
3406,0.3644202197
3411,0.4883412618
3412,0.5361495562
3414,0.3934956001
3417,0.553929757
3420,0.6287407951
3423,0.6157809353
3436,0.5582781701
3438,0.6000862227
3442,0.4242779504
3443,0.4091550192
3451,0.5098478031
3461,0.4504422901
3489,0.3891425304
3491,0.4261308195
3510,0.5385123741
3515,0.4464524524
3527,0.4437361397
3530,0.5987786491
3540,0.313303156
3582,0.4125314415
3604,0.5828608124
3605,0.4088959171
3609,0.5185973868
3624,0.3667515054
3628,0.572986989
3630,0.4079635719
3641,0.428012185
3642,0.477036461
3648,0.3099218727
3650,0.5731375933
3652,0.6001279127
3660,0.3631360344
3664,0.5141594773
3670,0.5062085431
3672,0.4238027748
3680,0.5818780252
3682,0.5811087918
3685,0.487642657
3686,0.4277158476
3689,0.4091435192
3705,0.3835662794
3712,0.3744515147
3713,0.346127844
3719,0.3959652068
3721,0.3514957621
3723,0.4219484498
3724,0.4105306107
3727,0.3646719749
3733,0.4050490114
3734,0.4034834427
3742,0.3734836495
3770,0.3657870646
3777,0.3005996398
3778,0.2985008533
3780,0.4174284676
3783,0.5278284614
3784,0.4154513384
3788,0.406539495
3790,0.4054361037
3794,0.3342529654
3795,0.4281365971
3796,0.3767390767
3801,0.4046826108
3806,0.4046097034
3813,0.3774270088
3814,0.3872426265
3818,0.5549600812
3824,0.4283821076
3836,0.4742178236
3853,0.4887960609
3855,0.4578499713
3858,0.6259694925
3861,0.6231695034
3866,0.4834948294
3870,0.3701050523
3874,0.5990535182
3876,0.4287306355
3878,0.5333128178
3890,0.3272536085
3900,0.5780279484
3904,0.2987902302
3906,0.3166612316
3907,0.3164534596
3908,0.3108715141
3912,0.613825905
3918,0.5951878939
3923,0.6077517311
3924,0.363573073
3925,0.6038937427
3927,0.5308607757
3955,0.6053003034
3964,0.5924771627
3969,0.5848234917
3974,0.573953213
3976,0.5707725652
3984,0.408880208
3991,0.3372944729
3993,0.5974278868
4009,0.5025103424
4011,0.4389595598
4020,0.4779595448
4033,0.3278466527
4041,0.4166687264
4045,0.6261339374
4052,0.6121389077
4055,0.4108083179
4056,0.4146441116
4057,0.4231467822
4067,0.5924561899
4069,0.4087526038
4077,0.5218159046
4094,0.3228628906
4095,0.3090427696
4100,0.5173975991
4119,0.424720784
4130,0.5657451104
4131,0.3740230672
4132,0.4672000296
4134,0.5728389181
4137,0.5621442995
4138,0.4203678244
4143,0.4407508316
4145,0.5623942126
4148,0.4318705715
4163,0.322695935
4166,0.342983604
4169,0.5901216508
4170,0.3293236965
4174,0.5862083223
4180,0.4111064315
4199,0.6124517836
4201,0.3498414661
4203,0.3125824544
4210,0.1848450794
4211,0.3568285889
4213,0.5442230684
4225,0.2667224072
4235,0.4299656181
4242,0.381951245
4245,0.3828563216
4250,0.3803680949
4252,0.3821101738
4254,0.5762279651
4263,0.5661636944
4264,0.5656460301
4268,0.3133543036
4270,0.4501938179
4282,0.6256201709
4283,0.4918062051
4291,0.399636448
4304,0.3755454092
4306,0.3909461559
4309,0.3559553127
4310,0.3851741236
4313,0.4619371411
4314,0.3950297019
4315,0.3703957998
4321,0.3079153713
4324,0.3043248174
4325,0.3245977489
4328,0.3432545829
4329,0.2737029116
4332,0.33346272
4337,0.3487749583
4342,0.3920577502
4344,0.3514740738
4352,0.3427787989
4355,0.3387268982
4366,0.3455214112
4371,0.4538091539
4372,0.35352328
4376,0.3949496041
4384,0.3803041613
4387,0.3857225114
4389,0.2986915593
4390,0.4015192996
4406,0.3455236442
4407,0.6208574294
4409,0.6191197579
4410,0.6182083269
4424,0.4363298695
4434,0.4125227429
4452,0.5929858591
4460,0.3663445661
4470,0.6018548874
4480,0.3736797128
4496,0.5904614091
4503,0.4955921707
4512,0.4117095162
4518,0.6054681081
4519,0.3623084819
4522,0.4219754382
4525,0.3833284789
4537,0.4380412236
4546,0.5005298345
4547,0.5728151163
4553,0.3447746615
4556,0.3090894062
4558,0.4368705172
4563,0.3583563434
4568,0.4413809328
4574,0.589165848
4578,0.463721895
4587,0.3574149912
4592,0.425517491
4610,0.4033769355
4615,0.6270175487
4619,0.3497547692
4620,0.4651558158
4625,0.4756107219
4635,0.4345190807
4636,0.4009809303
4641,0.3675320985
4650,0.3574779458
4653,0.5973434148
4665,0.4059703628
4668,0.5959910808
4669,0.3126111753
4670,0.496658207
4674,0.411090804
4675,0.3867745566
4676,0.5754559211
4679,0.4900354547
4680,0.568577535
4686,0.4954653275
4699,0.3780929772
4713,0.6101770773
4718,0.3588410774
4721,0.3804870657
4722,0.3831048448
4724,0.4264967063
4730,0.5912048136
4731,0.4583450881
4735,0.3330078685
4743,0.3297163042
4745,0.4564887029
4746,0.5104657344
4747,0.3348678914
4748,0.4360562809
4769,0.3780869488
4771,0.332120405
4774,0.5288490102
4784,0.3469846482
4797,0.3947037099
4801,0.4506954581
4804,0.3604067905
4820,0.5254984096
4833,0.3045034883
4834,0.2955210215
4851,0.4084279159
4859,0.312035103
4860,0.5671123699
4863,0.3342135976
4873,0.3111678188
4881,0.4753821397
4892,0.2900543525
4908,0.5651495696
4911,0.3826163499
4915,0.4023632018
4922,0.3605431776
4929,0.5573008772
4936,0.2744114316
4939,0.4060057097
4951,0.4009256885
4956,0.3629012067
4961,0.363102911
4964,0.3842635581
4981,0.3205889316
4991,0.6147412782
4992,0.4506922358
4997,0.4325536919
5004,0.4893545497
5010,0.4730261571
5012,0.3918309723
5015,0.345641596
5020,0.3892503744
5030,0.4213855435
5051,0.6219111579
5052,0.6211676247
5057,0.5993691374
5058,0.5981878739
5060,0.3585786024
5061,0.3014427593
5064,0.5784562124
5078,0.6023096431
5080,0.5869598375
5088,0.3161419624
5089,0.5663846203
5090,0.3407112101
5103,0.5526376908
5108,0.4176541791
5114,0.4203876461
5115,0.4168903137
5124,0.5517619313
5137,0.6095921427
5139,0.4051203518
5144,0.3845901969
5149,0.6285970959
5157,0.4484783611
5163,0.3815893256
5174,0.3632363189
5176,0.5627526731
5179,0.4176330378
5186,0.6079191687
5203,0.5588168019
5204,0.6159265634
5206,0.4468639864
5207,0.4239215277
5220,0.4474427428
5221,0.6141382778
5224,0.3389416102
5227,0.4280046765
5229,0.4997788934
5232,0.6384430142
5240,0.6201753613
5242,0.4851400347
5243,0.4322648377
5245,0.4859841809
5248,0.5973225222
5249,0.4996656431
5254,0.4036631881
5269,0.4217294571
5272,0.3450394513
5276,0.3422357877
5286,0.5888038218
5290,0.4674564608
5308,0.5443326614
5316,0.3633706143
5318,0.6061183409
5319,0.3386280931
5320,0.5701730921
5322,0.3059265785
5324,0.4055455693
5331,0.5061875235
5336,0.5874856296
5344,0.592179877
5354,0.3208343294
5356,0.1461556258
5358,0.4691781053
5361,0.4007010944
5365,0.616299923
5370,0.3826458381
5376,0.3355818338
5383,0.3267250973
5384,0.3651758193
5385,0.3657166816
5393,0.578477393
5397,0.308024202
5398,0.3314804389
5402,0.3351351742
5407,0.5302524417
5409,0.3084859108
5425,0.5810444421
5428,0.5732447649
5430,0.3791379329
5442,0.363562316
5447,0.6095085548
5470,0.3306365004
5485,0.2842321969
5493,0.485304291
5502,0.5097959031
5504,0.3282195026
5517,0.5346439093
5522,0.4006956005
5527,0.6000862227
5528,0.5113129027
5536,0.3823657213
5545,0.4561532949
5576,0.4446957935
5577,0.5878655512
5592,0.5651134149
5594,0.4053300733
5595,0.3427384492
5596,0.3329903007
5599,0.424178334
5606,0.5802747814
5617,0.3105436225
5625,0.4209107167
5626,0.4913877914
5627,0.6069772275
5642,0.5855907683
5659,0.6403055627
5664,0.6305425936
5666,0.441457203
5671,0.4681481798
5674,0.3462994902
5677,0.4299230319
5681,0.3358749673
5683,0.157507984
5700,0.578092425
5713,0.6166320786
5715,0.6159676588
5718,0.3467391491
5726,0.5532008285
5738,0.3599040642
5741,0.4524078835
5743,0.4267732867
5753,0.5852498075
5761,0.3883712243
5789,0.5377986052
5797,0.3033718861
5803,0.4342986899
5810,0.5750268484
5813,0.4178467396
5817,0.3628844197
5818,0.5223420557
5822,0.5227158147
5829,0.4989094692
5846,0.5824760429
5847,0.4358365681
5854,0.3917268769
5858,0.5627099258
5863,0.3421143417
5869,0.5272429386
5870,0.4558534621
5876,0.4998388478
5881,0.4958298374
5901,0.4301506505
5922,0.3636181282
5928,0.6207952012
5933,0.6040409792
5934,0.5999176415
5946,0.3491523277
5951,0.5022125147
5955,0.3027821451
5956,0.5615424246
5965,0.2961890939
5972,0.4520742273
5981,0.5455161908
5997,0.6110543321
6005,0.4601292665
6009,0.540580669
6010,0.4010807755
6015,0.3581034259
6039,0.477134497
6047,0.6022330921
6051,0.1447107249
6056,0.3653946241
6061,0.311235915
6064,0.4068896018
6065,0.3911158374
6070,0.415349476
6085,0.5853561382
6086,0.426653631
6091,0.6016440195
6097,0.548241301
6099,0.5899727518
6104,0.5843539406
6108,0.5787131142
6109,0.5780279484
6124,0.5457984859
6142,0.5948493662
6144,0.3236406177
6150,0.3666401199
6154,0.6293347486
6155,0.5283825685
6156,0.6276126263
6158,0.3695823462
6159,0.6234168955
6169,0.6061183409
6170,0.1161825993
6179,0.367980795
6184,0.3944242724
6186,0.5973225222
6204,0.2930231508
6230,0.5952088222
6231,0.4027511979
6232,0.588506629
6235,0.3400199758
6237,0.584503443
6239,0.3286427075
6263,0.5454864297
6265,0.2840734706
6270,0.5311277833
6271,0.4678224488
6278,0.5823695006
6279,0.5994534694
6288,0.2935411512
6294,0.3738870889
6295,0.4246330564
6302,0.4068176814
6306,0.3175393041
6322,0.5920950557
6324,0.3642933683
6327,0.461817701
6331,0.5787131142
6334,0.4393642838
6338,0.5065824612
6339,0.4887216863
6362,0.3667647599
6372,0.599496085
6375,0.5468657981
6393,0.4947360381
6394,0.613055759
6405,0.6018340729
6406,0.4379369417
6416,0.3532342426
6421,0.5470963914
6422,0.3828563179
6440,0.5960756446
6457,0.5697832421
6460,0.4982570098
6463,0.5702775127
6474,0.5401913796
6476,0.3359601781
6477,0.274564291
6482,0.6218489974
6488,0.4209651681
6489,0.4399764031
6494,0.3247869813
6499,0.4469619267
6507,0.3004138126
6524,0.2995734059
6527,0.2850571054
6531,0.299443753
6536,0.5438530344
6538,0.2573553119
6542,0.371795583
6565,0.3877592759
6584,0.336381494
6588,0.4041913296
6597,0.3985763707
6603,0.6070817276
6609,0.5960547307
6613,0.5918195759
6622,0.4026984407
6630,0.3466995613
6637,0.5113360299
6639,0.5951878939
6640,0.3059255642
6646,0.3722116873
6647,0.6355193662
6648,0.6347868789
6669,0.3925420074
6680,0.2899586648
6681,0.2916045901
6684,0.2207752519
6693,0.2892382018
6694,0.3032763168
6704,0.4720452733
6706,0.5853130588
6710,0.3157168225
6713,0.4253191517
6718,0.4864878642
6732,0.3161978648
6737,0.4231172662
6739,0.2825852694
6742,0.3672369529
6746,0.3074825995
6753,0.3459549862
6771,0.4977222466
6784,0.504934689
6790,0.6000227817
6795,0.5900366978
6807,0.4241064179
6808,0.4366363312
6818,0.4558524199
6823,0.3295770854
6830,0.6342982069
6831,0.6334015904
6832,0.3782115336
6836,0.4138920218
6846,0.3458476317
6850,0.3358463066
6854,0.3405995114
6868,0.606139078
6876,0.4172067884
6877,0.5524212382
6881,0.3572821968
6882,0.3800763174
6884,0.3997964555
6886,0.433863449
6901,0.3341069522
6910,0.3799419585
6913,0.366634475
6914,0.5813604436
6918,0.5618699319
6930,0.4636405999
6941,0.4184902336
6944,0.3623528793
6945,0.4717095398
6947,0.5820489121
6949,0.5677158168
6952,0.5650419075
6963,0.3939602659
6964,0.5812374829
6972,0.603116596
6979,0.5024512035
6981,0.3342344809
6988,0.5871661844
6990,0.404596163
6998,0.3931349653
7004,0.3266797074
7016,0.3964507785
7027,0.3431144009
7042,0.4502179203
7056,0.4110399462
7061,0.447869493
7069,0.4059923802
7071,0.4003768927
7088,0.4280299265
7099,0.3598737741
7108,0.3323805698
7121,0.5957164355
7125,0.5894418763
7136,0.480259224
7149,0.4947687854
7150,0.3898472416
7151,0.4001787828
7167,0.3940242231
7177,0.5854202981
7178,0.3779771143
7183,0.5709764348
7186,0.3372009014
7190,0.4390891698
7201,0.416489847
7202,0.3863593827
7207,0.3783387225
7213,0.3623535932
7224,0.3851167443
7225,0.5098328974
7233,0.3543320472
7239,0.4929735963
7246,0.5598207224
7248,0.3826016557
7261,0.61795961
7264,0.3263324924
7266,0.3273740104
7274,0.3369294127
7279,0.5882039983
7293,0.359579252
7315,0.3148697291
7322,0.3922790966
7326,0.5701275785
7341,0.3422262068
7363,0.5946800685
7365,0.4101199937
7371,0.398066989
7377,0.3186473801
7393,0.615988206
7405,0.5003737976
7410,0.5639408147
7434,0.5015561206
7438,0.3528605181
7447,0.5132952908
7450,0.5532539243
7452,0.3232949173
7453,0.3021046124
7455,0.3462494835
7456,0.3389578068
7457,0.6163204634
7466,0.598568143
7470,0.5865279867
7474,0.3577620832
7487,0.3716679603
7488,0.5686253497
7492,0.5657666837
7496,0.3112274107
7501,0.5194059463
7505,0.5270112056
7512,0.3007884172
7526,0.481060714
7536,0.4649283869
7538,0.5995377955
7539,0.3584007769
7544,0.5863997646
7554,0.3468310547
7564,0.5021062538
7566,0.4144479932
7580,0.3418170742
7581,0.4304633613
7584,0.3390478629
7587,0.2912905413
7589,0.4010300143
7590,0.4369292579
7594,0.4382381203
7597,0.4289586525
7602,0.6093836089
7603,0.3643430076
7605,0.439670827
7609,0.4198316046
7613,0.4369713852
7619,0.5756705937
7625,0.560812215
7626,0.616299923
7636,0.6051956376
7639,0.6040202037
7641,0.3891668871
7643,0.5976186064
7644,0.4220657465
7657,0.3783187502
7661,0.4938034989
7666,0.3913989264
7673,0.5174018877
7683,0.6027802737
7685,0.4252247815
7699,0.4947200101
7704,0.5129987542
7705,0.4366792568
7708,0.490456229
7728,0.5600945455
7733,0.3998858965
7741,0.5675798885
7743,0.3925030527
7745,0.3157104601
7754,0.4452875559
7756,0.4477725828
7757,0.4416516578
7770,0.3975745374
7773,0.5877409504
7774,0.3827751559
7776,0.5867193854
7777,0.3058727747
7778,0.3080293991
7781,0.5762067542
7784,0.3738803649
7789,0.5912675337
7794,0.3579941783
7799,0.4227683165
7801,0.4520432987
7818,0.4117908508
7823,0.3636553018
7828,0.3400201139
7832,0.3527832839
7839,0.3549157985
7851,0.4031703427
7856,0.3643521498
7868,0.572450059
7869,0.3120561184
7872,0.2934621807
7874,0.2894127619
7878,0.2794626267
7888,0.4304715869
7913,0.282734919
7923,0.3846161326
7925,0.6013498237
7926,0.4004363614
7938,0.3245053077
7942,0.5794412293
7945,0.3726604164
7954,0.5466497021
7963,0.4248035124
7969,0.3673967788
7970,0.5968155607
7977,0.586974847
7981,0.3857068867
7990,0.4922479296
8020,0.4941794736
8023,0.3779676888
8025,0.5744716393
8034,0.5867404475
8039,0.3830161019
8046,0.403735104
8051,0.4235735127
8055,0.3407588966
8060,0.3180722548
8063,0.3006823534
8073,0.6008862078
8074,0.3243211228
8076,0.5237103292
8080,0.3708179431
8088,0.3882123438
8102,0.2774019454
8103,0.6003807313
8104,0.6002121915
8105,0.3863407948
8109,0.5399393967
8115,0.5816216582
8121,0.5248121553
8126,0.4906957161
8135,0.4725338256
8153,0.5359228939
8156,0.3842236397
8160,0.5767026039
8161,0.4777667737
8162,0.4861980496
8171,0.3387039297
8181,0.3161838767
8183,0.31590038
8185,0.4375378137
8191,0.6172336108
8203,0.3026765794
8204,0.5914372775
8207,0.4663261905
8208,0.4286626624
8209,0.4024683935
8210,0.4298352188
8225,0.3797907382
8226,0.28807317
8231,0.3611910026
8233,0.3115772946
8244,0.5878289421
8250,0.3314584445
8261,0.6007177395
8265,0.4166549584
8278,0.3182027155
8279,0.3106320361
8280,0.4510779769
8296,0.5582975807
8299,0.4155879217
8300,0.329333632
8301,0.50695547
8305,0.4127512376
8327,0.3392803357
8334,0.3734719632
8349,0.3209599719
8355,0.317398938
8361,0.4622595951
8362,0.379443789
8364,0.3659131399
8365,0.379870299
8375,0.3362680856
8378,0.557570558
8380,0.4195169775
8381,0.3815917261
8387,0.3957999333
8399,0.5820920885
8402,0.6290069772
8409,0.3631884497
8433,0.6169016526
8436,0.3827619888
8442,0.3832368686
8448,0.3547896755
8464,0.3067183569
8469,0.3482005675
8474,0.3706514171
8478,0.4770058353
8482,0.4205958961
8490,0.338462585
8510,0.4307425297
8511,0.3864623458
8527,0.3451755358
8532,0.3307236653
8533,0.3119012833
8538,0.3965285925
8541,0.3152844164
8545,0.3909226973
8553,0.4976017512
8554,0.3351184814
8555,0.378648701
8569,0.2999668258
8586,0.5606585559
8593,0.3541177348
8600,0.611868091
8606,0.4746441732
8607,0.3456827148
8611,0.4364684659
8613,0.5638576394
8618,0.5875277303
8630,0.3893488927
8637,0.3559654619
8650,0.3723211433
8652,0.3089219612
8661,0.5754347
8669,0.3629697119
8673,0.3789897317
8674,0.3797602532
8678,0.6231491055
8682,0.3489467904
8688,0.5895790065
8689,0.5987467603
8695,0.3223103588
8698,0.3943458124
8703,0.4044591512
8709,0.3684272026
8716,0.3902348272
8723,0.3247994057
8737,0.4392204226
8753,0.3725315703
8773,0.616818646
8774,0.3430993388
8778,0.6067258486
8786,0.4058341658
8794,0.5946800685
8795,0.4354250578
8800,0.3145695886
8804,0.3565345582
8808,0.4036849865
8809,0.470763635
8817,0.5766567179
8818,0.3831969554
8825,0.3596090178
8830,0.3838822798
8833,0.311414485
8834,0.3146295338
8836,0.3505328235
8837,0.3147203146
8844,0.2808761202
8851,0.3426558487
8861,0.5990952439
8864,0.3834278869
8865,0.3339174092
8869,0.3246668366
8873,0.5760352186
8880,0.4450971175
8884,0.4784424792
8888,0.4429987814
8889,0.4429214398
8891,0.6255794805
8893,0.4298451819
8897,0.3949348725
8905,0.3661230135
8910,0.5835860025
8918,0.5720202077
8939,0.3537350482
8940,0.4269493023
8941,0.342275991
8944,0.3205335196
8949,0.4349894104
8950,0.3310992872
8958,0.4209777542
8967,0.5586868223
8975,0.3213425573
8979,0.425935945
8980,0.3408548236
8991,0.2956401985
8995,0.2886517898
8996,0.3680787559
8998,0.6320140935
9000,0.4315051333
9001,0.5992303492
9002,0.3716279864
9024,0.4250893054
9026,0.3339906571
9027,0.4625552284
9034,0.4209310554
9038,0.3364871829
9050,0.4168146504
9052,0.480419322
9054,0.4044001828
9078,0.6183946019
9097,0.468764819
9109,0.3182892562
9112,0.4418942178
9115,0.3333978521
9125,0.5790555836
9132,0.4253092237
9136,0.4712006187
9139,0.313849505
9140,0.333698496
9142,0.3371718718
9143,0.4821033526
9147,0.5504004275
9159,0.4122142383
9165,0.5730830768
9172,0.3581416548
9177,0.3098754017
9179,0.290471463
9185,0.3214523656
9196,0.5454864297
9201,0.432861431
9209,0.3595823549
9210,0.4806191836
9212,0.5229915981
9214,0.3611404264
9240,0.6042089692
9241,0.4755348012
9244,0.4234953155
9249,0.3190578853
9250,0.3613910039
9255,0.4143619883
9258,0.413851242
9263,0.3235438237
9266,0.3378814347
9269,0.4011946201
9272,0.3677145094
9276,0.578092425
9290,0.3701326281
9299,0.3407328235
9303,0.3595354893
9310,0.2584335699
9311,0.396459685
9314,0.4135987785
9315,0.6001229253
9325,0.5652643811
9328,0.3836370975
9329,0.5598711127
9332,0.5788901773
9337,0.5788185581
9353,0.4842919496
9355,0.3862078098
9356,0.5977448314
9362,0.5166912629
9364,0.5762067542
9366,0.5750914464
9387,0.6192649029
9388,0.617524429
9396,0.6115128788
9400,0.3337864581
9406,0.4018350153
9411,0.3986540592
9416,0.4459099453
9417,0.6077517311
9423,0.6031373877
9425,0.6014548376
9426,0.385575815
9427,0.4400418336
9429,0.5949549391
9430,0.5209660304
9434,0.5076095739
9442,0.4023164709
9458,0.4300165431
9476,0.3420468912
9481,0.4250600411
9483,0.4062815649
9484,0.4082380109
9487,0.6145749069
9488,0.391762816
9490,0.333152767
9502,0.599496085
9505,0.3448364602
9509,0.5909498878
9515,0.418974433
9516,0.3875135039
9532,0.455612893
9539,0.4749753483
9542,0.5741258884
9549,0.3731020818
9550,0.4887211771
9553,0.5304217595
9554,0.5292279535
9561,0.5338859705
9566,0.4531869357
9571,0.3844999687
9577,0.4000069397
9584,0.3641683254
9592,0.3521344905
9596,0.591459176
9602,0.3257845074
9603,0.3665894195
9604,0.6385240816
9608,0.636738783
9609,0.4269920004
9613,0.4036194484
9623,0.3487048131
9630,0.5805313785
9633,0.3917134595
9648,0.300644023
9665,0.5771065546
9668,0.3167692399
9678,0.3762911832
9679,0.3765053815
9693,0.5953780493
9718,0.5853561382
9720,0.5784350314
9744,0.4361898875
9745,0.3408279815
9746,0.6113047168
9753,0.3270292851
9758,0.6055727487
9759,0.4033558333
9763,0.3767382502
9766,0.3256251009
9767,0.310210021
9777,0.4795958609
9781,0.3714826278
9789,0.301870574
9790,0.3941077863
9799,0.4377249002
9802,0.277519969
9805,0.5873574955
9807,0.5189178708
9812,0.4230665271
9818,0.371449029
9820,0.6300717985
9822,0.4248691695
9824,0.6266270971
9834,0.6003182089
9836,0.4283854577
9847,0.4149020867
9864,0.5995377955
9869,0.3286625634
9875,0.344799058
9880,0.3845994026
9889,0.5870810474
9894,0.3225746523
9909,0.6095921427
9915,0.3903598618
9919,0.5342063632
9920,0.5930915854
9940,0.4134824791
9946,0.4260297783
9958,0.6188089148
9959,0.3630225548
9973,0.4852066605
9976,0.365879838
9978,0.3255601421
9982,0.3334673161
9987,0.2993828511
9988,0.5456545483
9992,0.4525510285
10000,0.1454659353
10002,0.5603520866
10005,0.3466609027
10008,0.4396917504
10009,0.423721025
10011,0.4805757029
10021,0.4540952377
10022,0.6043977036
10053,0.3362559587
10074,0.3346021523
10076,0.4066110272
10090,0.5909288906
10092,0.3875507909
10099,0.4125052654
10102,0.3418018455
10103,0.3282835732
10106,0.3315089127
10108,0.5977239456
10113,0.581493916
10119,0.3306944561
10122,0.3927792985
10125,0.4071408215
10140,0.580997642
10155,0.3453411098
10159,0.4242648916
10164,0.4775264177
10175,0.3793695205
10176,0.4682088447
10178,0.3868434836
10186,0.5826891043
10200,0.3567590551
10204,0.5490541552
10206,0.5435700895
10211,0.360538992
10212,0.3554720014
10217,0.4220869232
10220,0.6081495781
10230,0.596372026
10234,0.459884985
10235,0.3684772828
10239,0.3327984407
10240,0.4175438787
10242,0.3874836107
10245,0.3122468791
10246,0.5779855745
10247,0.3211346953
10250,0.3148635295
10254,0.6003807313
10257,0.3839177824
10260,0.4279814062
10261,0.5834152943
10265,0.3236790715
10273,0.4093357655
10274,0.2888225154
10277,0.5115020287
10289,0.5814084432
10290,0.3063328321
10298,0.443152442
10301,0.3351573694
10304,0.6112840772
10305,0.4236289614
10313,0.4257079202
10320,0.3371269486
10323,0.3437840366
10328,0.3837411444
10332,0.5579939626
10336,0.5536585776
10343,0.3239203207
10348,0.5720414725
10350,0.4250462138
10351,0.3436964654
10354,0.3171950693
10372,0.4785506046
10373,0.4932390409
10380,0.3452281166
10383,0.4985964288
10396,0.5668323613
10397,0.5708155634
10399,0.5729188099
10400,0.5589896512
10401,0.3761943589
10402,0.4103800038
10403,0.5664616249
10410,0.5579040148
10412,0.3856395756
10415,0.3612899567
10424,0.3668853934
10428,0.4151610486
10432,0.3021434404
10462,0.5852067249
10477,0.3053378776
10482,0.2962463487
10484,0.2974519105
10493,0.3498230424
10495,0.3898927308
10497,0.3473874879
10516,0.3792730041
10521,0.3637815402
10522,0.3549666589
10523,0.5314270304
10528,0.3495639748
10530,0.3870710762
10532,0.4182425485
10533,0.3494149516
10543,0.6020993223
10547,0.4358536894
10552,0.3357770448
10558,0.4148054102
10571,0.3732099679
10572,0.2879259656
10574,0.3027124232
10583,0.6043474502
10600,0.4721488858
10607,0.4572934378
10608,0.3632659118
10614,0.3142591864
10630,0.3277378811
10634,0.3914888961
10635,0.3218991107
10641,0.5645016551
10643,0.4006908107
10644,0.5571490027
10648,0.3967197614
10669,0.3340293337
10675,0.387684619
10686,0.5841191076
10704,0.3084456934
10707,0.2987293646
10722,0.3017787545
10736,0.6229637363
10764,0.4606550979
10767,0.564545288
10776,0.3959554279
10779,0.5466517486
10781,0.2968639296
10792,0.592179877
10797,0.36059962
10798,0.3427289665
10801,0.3658809856
10802,0.3813365719
10805,0.3150855936
10808,0.3773856577
10810,0.5648692655
10816,0.3849632409
10817,0.3273512149
10829,0.5786919367
10843,0.5831225541
10858,0.6057621559
10866,0.3675716455
10876,0.4087404986
10887,0.3291878788
10891,0.3006824405
10896,0.394640038
10900,0.5530970945
10905,0.5243340179
10907,0.4674558518
10917,0.3299098979
10936,0.5656460301
10947,0.3088395944
10948,0.5837566906
10951,0.3931153613
10955,0.3199441525
10969,0.3837918834
10984,0.3709010571
10987,0.402211364
10990,0.3121127816
10992,0.5815793839
10996,0.410754709
10997,0.417381479
10999,0.4241964855
11000,0.6198025594
11001,0.3674003006
11010,0.6072285498
11016,0.6005075719
11018,0.5987369125
11034,0.5901636701
11039,0.3709114187
11041,0.3762958794
11047,0.3410529759
11053,0.3653803227
11055,0.2747843145
11056,0.3464716788
11065,0.4652113311
11068,0.5071613787
11070,0.4026945743
11071,0.3895339468
11072,0.4165947958
11079,0.579847023
11091,0.3226760959
11094,0.4449552808
11112,0.6266889437
11113,0.6220763098
11128,0.5383183884
11153,0.4305207814
11154,0.2586871878
11163,0.4547446139
11179,0.5596083998
11181,0.560384151
11206,0.5289847857
11216,0.4076103001
11221,0.4023660794
11223,0.5416198291
11228,0.5007448369
11235,0.3388151394
11237,0.548532355
11244,0.2814187309
11256,0.4759407027
11267,0.4165976513
11272,0.5917137466
11281,0.452677357
11285,0.5666667858
11288,0.6163829721
11291,0.4193168815
11293,0.3886754812
11297,0.413855713
11298,0.5361046256
11299,0.3231888216
11301,0.3631904252
11309,0.4932672134
11331,0.3625277147
11332,0.4945918845
11337,0.341143405
11343,0.5883365151
11347,0.3214325963
11348,0.4973624412
11355,0.5723428367
11368,0.4800690968
11369,0.4261345534
11371,0.6257024279
11378,0.421114511
11384,0.433894501
11387,0.4095543342
11393,0.3288974575
11399,0.4849002775
11412,0.4854469902
11431,0.3433166719
11432,0.3343811002
11444,0.5845676412
11450,0.6076680028
11451,0.4346156419
11476,0.3878871013
11488,0.3424700496
11495,0.547379903
11505,0.5010752158
11508,0.5590331666
11518,0.5730729187
11522,0.3129880471
11524,0.5667025435
11533,0.605887511
11549,0.5828608124
11551,0.619554242
11560,0.3273716622
11563,0.327830546
11565,0.588230411
11567,0.3779829742
11569,0.3578176332
11598,0.4450731421
11604,0.4057453035
11611,0.3857873058
11617,0.5831831828
11626,0.5644375917
11642,0.3715520096
11643,0.3844502664
11648,0.4334575404
11651,0.3705801524
11663,0.3166536057
11666,0.583671349
11685,0.5929074578
11686,0.4404472771
11698,0.3066118036
11708,0.4562973697
11711,0.3963097655
11718,0.3590677915
11742,0.3183595415
11761,0.532858156
11767,0.3925999847
11768,0.3619572096
11775,0.3758610772
11779,0.5844823476
11786,0.6143252997
11790,0.6109915032
11791,0.3818668743
11796,0.1061382039
11806,0.4426820594
11810,0.3667376058
11811,0.356730589
11814,0.6010972109
11816,0.3325638581
11820,0.4290928034
11822,0.5085045882
11829,0.3832021196
11832,0.3884812766
11834,0.5798691015
11836,0.3449264747
11837,0.4969704569
11844,0.5087023418
11847,0.5740399278
11864,0.5963293019
11865,0.476149068
11872,0.403374435
11873,0.57639948
11886,0.5797073699
11894,0.4011371616
11905,0.3177017018
11906,0.2703830434
11907,0.4045649201
11912,0.3212991005
11914,0.5766357766
11918,0.37740837
11924,0.315072109
11929,0.6308900321
11930,0.392187813
11936,0.3817159854
11937,0.4111436467
11954,0.5959212807
11957,0.4829470011
11964,0.5372535248
11968,0.27554208
11972,0.6661726559
11976,0.4374502541
11979,0.4856077664
11981,0.4038414034
11983,0.4538423536
11989,0.3403287928
11991,0.3633583237
11998,0.3476775082
12003,0.397796761
12007,0.3312294339
12011,0.4266235677
12014,0.3514011382
12024,0.3136951102
12033,0.3689448074
12034,0.3706815227
12041,0.301455868
12046,0.5547212957
12056,0.442812875
12064,0.390659494
12069,0.3982778152
12070,0.3214439962
12071,0.3187032789
12072,0.5213596596
12078,0.307539312
12091,0.5223509745
12092,0.6387672366
12094,0.506638071
12098,0.4187031221
12103,0.3468727628
12115,0.6233344386
12118,0.6216012005
12122,0.4279753585
12125,0.6065375018
12133,0.4348527691
12137,0.5981034541
12141,0.3212349478
12143,0.3899474816
12144,0.5798258612
12154,0.3388962682
12163,0.3684835585
12170,0.3898281907
12193,0.3605355294
12196,0.4138686877
12206,0.5023883966
12209,0.6121595307
12214,0.4087676172
12228,0.3369794962
12233,0.4598835764
12238,0.5781568989
12242,0.3898411696
12245,0.4365506375
12247,0.4044985611
12251,0.3210027623
12287,0.4150063553
12292,0.5849559376
12304,0.3205408196
12317,0.5689869368
12320,0.5953143652
12323,0.5832445661
12328,0.3921726521
12333,0.5688359698
12334,0.3675473988
12335,0.310772676
12352,0.5839915826
12358,0.3815639283
12364,0.3828743205
12376,0.3970982053
12396,0.3702026486
12402,0.5699767091
12406,0.3353543659
12408,0.294923769
12410,0.55857881
12413,0.394077996
12417,0.4243524952
12424,0.4333166037
12425,0.3337203595
12426,0.3485735788
12430,0.3323104601
12432,0.5729010549
12433,0.3831787696
12451,0.3237806964
12457,0.4695668981
12465,0.6067465745
12468,0.4540117216
12474,0.3478632729
12475,0.5872302618
12486,0.6496744737
12487,0.4339231313
12514,0.3736447293
12524,0.5868256053
12526,0.3130141275
12530,0.3122509773
12532,0.2705584446
12593,0.4782732257
12599,0.451961096
12600,0.3486099438
12603,0.4337681213
12624,0.590418489
12630,0.400287488
12638,0.4212441844
12641,0.6145749069
12643,0.6116591044
12656,0.4392436822
12666,0.4042102283
12673,0.5989900228
12675,0.5413988349
12678,0.4115000882
12692,0.1384515062
12693,0.6192853827
12707,0.462172983
12711,0.5918624507
12716,0.5652831697
12717,0.6110749761
12723,0.4339389662
12738,0.2968030606
12742,0.3288418852
12746,0.3233297785
12753,0.5773424822
12758,0.376803572
12760,0.2994201064
12763,0.3919341611
12764,0.4387535138
12768,0.3240319069
12776,0.3854386792
12777,0.3573611434
12783,0.5417396509
12804,0.3829826575
12824,0.3135100946
12839,0.3937151625
12847,0.4633691062
12850,0.6034528209
12867,0.607647294
12883,0.5215291051
12887,0.3476765057
12890,0.3269503076
12903,0.517529448
12906,0.3097622409
12907,0.2736706979
12909,0.5275227718
12912,0.4041939339
12915,0.3101696984
12930,0.4900041106
12931,0.3567178287
12934,0.3397254616
12951,0.3877886013
12955,0.4066220036
12973,0.5778777987
12988,0.2852684232
12999,0.358904862
13015,0.4220484151
13026,0.5287794501
13036,0.327611634
13039,0.3086982573
13040,0.5046333438
13041,0.5784129324
13043,0.5666376311
13057,0.466967878
13064,0.3572435965
13068,0.6476933064
13069,0.4850368665
13073,0.4787833226
13079,0.6325654932
13086,0.3305838858
13089,0.5904098387
13093,0.3372007317
13097,0.6007811436
13098,0.4432798735
13105,0.3259852734
13107,0.4950124428
13108,0.541249123
13110,0.3939643595
13112,0.5756155452
13114,0.3867984253
13118,0.3754146728
13127,0.3633422937
13129,0.3354380925
13142,0.5772134648
13146,0.56361668
13149,0.5605910005
13157,0.3684130771
13158,0.4078495829
13159,0.4776523889
13161,0.4853437817
13162,0.3922564665
13166,0.3597765756
13168,0.3848185244
13170,0.5739753736
13186,0.4710064589
13191,0.4382725195
13203,0.3958848326
13209,0.4086242063
13212,0.4382008234
13213,0.3222203892
13222,0.4208014182
13229,0.3933591963
13234,0.4876503609
13257,0.5846740227
13258,0.3241595691
13268,0.4620008033
13270,0.3996476818
13291,0.4223339207
13292,0.4640278459
13299,0.3946591347
13307,0.5620184308
13309,0.3056204075
13311,0.4007758106
13312,0.3419565327
13322,0.3127197628
13324,0.5610886236
13330,0.418274045
13338,0.5223504765
13344,0.5394536888
13348,0.3047946782
13355,0.3912572151
13365,0.5955263311
13368,0.4484245032
13370,0.388195031
13372,0.4670376928
13377,0.5005504721
13385,0.5500759331
13389,0.3749857199
13393,0.5891439119
13395,0.4311924143
13404,0.4797521651
13411,0.4084674434
13416,0.4426367102
13434,0.3609536368
13435,0.3816725879
13445,0.2873763287
13446,0.3360500255
13451,0.5910719443
13462,0.4079167579
13464,0.3171588349
13466,0.3708773122
13471,0.3111136676
13472,0.5856540043
13477,0.5741896018
13481,0.3811438199
13484,0.4564193609
13490,0.3103635632
13492,0.3748731829
13500,0.4704524191
13508,0.3500538696
13516,0.2713646603
13525,0.3680870835
13526,0.5907161712
13530,0.3710850259
13532,0.3397803758
13538,0.3219564467
13546,0.3898114283
13548,0.3342495154
13550,0.57006279
13551,0.4029012297
13564,0.3528284349
13566,0.5632711233
13570,0.3677597795
13580,0.4252097308
13585,0.4902239292
13588,0.4684033841
13592,0.5989056586
13594,0.3114286107
13609,0.4602541869
13610,0.5768174298
13613,0.3315373703
13625,0.4208253796
13626,0.635682056
13639,0.6171095839
13645,0.6045873067
13647,0.4813220725
13648,0.4636288854
13652,0.5801248504
13654,0.576270386
13664,0.5612829899
13673,0.3784609126
13684,0.4382132372
13690,0.3667299103
13693,0.5300443971
13696,0.5677910358
13700,0.5381091489
13701,0.3532095868
13707,0.5106829551
13713,0.4464889193
13714,0.4265340039
13716,0.4052877711
13720,0.3753775999
13727,0.4291361338
13733,0.3093424065
13738,0.4173594857
13757,0.3629989257
13759,0.5905780795
13761,0.6598165542
13767,0.5728237495
13782,0.4348973905
13786,0.3484352363
13787,0.4060869296
13792,0.5085374585
13795,0.4246228257
13798,0.5900156863
13807,0.2171877922
13809,0.3442462545
13811,0.3122106505
13815,0.3801546251
13817,0.4958684829
13818,0.4802565249
13822,0.3778298679
13824,0.3604648424
13829,0.5674809867
13832,0.6060780873
13840,0.5800658389
13841,0.5794582072
13868,0.4261489992
13871,0.5811731388
13880,0.3558727647
13888,0.4740867939
13890,0.5782204523
13891,0.3153383645
13895,0.3078684173
13907,0.3518589993
13910,0.452876934
13912,0.5292673224
13913,0.3897055039
13923,0.4751477729
13929,0.4526613147
13936,0.4234184511
13946,0.5268664025
13950,0.5858253596
13951,0.3840661657
13954,0.5144131405
13958,0.4798634767
13969,0.4034896155
13980,0.3078384303
13981,0.5801680822
13986,0.3666823192
13987,0.2900711435
13989,0.5018637261
13992,0.5051096609
13994,0.6257227706
14001,0.5659607554
14002,0.3882046734
14004,0.3723061102
14006,0.4056161536
14012,0.5086112479
14021,0.3259672971
14024,0.4226869159
14045,0.3811646617
14047,0.4543862349
14057,0.4184958911
14059,0.3570370057
14060,0.3493859015
14068,0.3258240913
14070,0.4150926088
14074,0.3657131627
14076,0.4631019991
14089,0.4346677162
14115,0.3928358277
14116,0.4750645482
14128,0.5099728085
14131,0.3937347022
14134,0.6069565059
14137,0.41057496
14138,0.3638114737
14139,0.6041042033
14152,0.3600790239
14153,0.6186330626
14155,0.390069338
14156,0.6165338233
14164,0.4561682735
14165,0.5974782212
14171,0.3288153206
14174,0.3826279866
14181,0.6100054703
14186,0.5383439241
14192,0.4374003209
14201,0.4764540927
14210,0.5705791866
14214,0.4113774681
14231,0.3836352363
14236,0.5164612425
14241,0.5640271797
14245,0.3332245312
14249,0.3871184571
14251,0.547379903
14262,0.3453549871
14265,0.2875446686
14267,0.3368439504
14270,0.5743825674
14276,0.3771746909
14279,0.2642096638
14281,0.4097740197
14289,0.4738195051
14290,0.5113061171
14293,0.3938127721
14295,0.5733044085
14297,0.5566651081
14298,0.5866552845
14310,0.3106390201
14312,0.5627963456
14315,0.5569980463
14318,0.4368767707
14319,0.464259448
14325,0.4963115909
14331,0.3755805845
14334,0.305421272
14341,0.4538552146
14343,0.5974278868
14344,0.4186863187
14346,0.3563821017
14347,0.4179646136
14349,0.3797162848
14352,0.4098757149
14358,0.3198348475
14361,0.5101065628
14363,0.5584700891
14374,0.4011106167
14376,0.5885486984
14381,0.4918482593
14398,0.3333724727
14410,0.3572864123
14412,0.612326287
14415,0.6052163917
14423,0.4897245428
14425,0.3200553307
14436,0.3967459777
14444,0.4623345135
14455,0.6089655252
14465,0.3775354633
14469,0.5780491349
14471,0.4097713351
14475,0.4386802509
14479,0.3048567434
14480,0.2960678975
14488,0.3866754678
14491,0.5760776447
14501,0.396439575
14520,0.4288185206
14522,0.4436401705
14523,0.4465886988
14537,0.5684533511
14538,0.5116754632
14550,0.3622038384
14561,0.3016304611
14575,0.6092577526
14586,0.3593975742
14592,0.5766991275
14601,0.3935228985
14602,0.3002625866
14604,0.4033938285
14606,0.3607592708
14627,0.3851014248
14641,0.554710788
14652,0.3920895878
14662,0.4651222797
14665,0.3978681033
14673,0.3869302085
14675,0.5744905785
14679,0.5039564258
14683,0.3847391699
14686,0.3370994708
14705,0.5944253003
14708,0.3769059408
14709,0.575528971
14710,0.3223339525
14715,0.4736867077
14717,0.4199732019
14723,0.4498737941
14725,0.5123216963
14727,0.5292221133
14728,0.435339381
14735,0.4003082152
14746,0.4026931406
14752,0.5926467502
14757,0.492862067
14762,0.3562334151
14763,0.3786563765
14797,0.3629013156
14812,0.3266901395
14818,0.5032353664
14825,0.413716118
14827,0.352438335
14829,0.3990371671
14830,0.6017707251
14837,0.3388560143
14849,0.6069772275
14863,0.3805207583
14869,0.4404641011
14882,0.4570655656
14884,0.4219413386
14886,0.5241045693
14888,0.5907590818
14890,0.4026731043
14904,0.3161132019
14938,0.5584707921
14952,0.3294455822
14958,0.4647757797
14963,0.4026588926
14979,0.447271407
14980,0.3287506356
14986,0.4545582663
14988,0.5572580162
15003,0.4964927769
15006,0.6178561819
15009,0.6148664847
15015,0.4052669316
15024,0.4550263859
15030,0.4976740996
15036,0.6052163917
15038,0.4131307992
15039,0.5951032705
15047,0.6272842339
15049,0.5060869031
15056,0.6098015319
15068,0.4297655821
15070,0.4153362495
15073,0.4639945579
15081,0.3902368857
15084,0.503713861
15088,0.5852278096
15092,0.478579432
15095,0.3268225233
15097,0.3565958643
15098,0.2861818127
15115,0.5115351386
15120,0.584332843
15126,0.2994519432
15133,0.534119031
15143,0.4088829293
15156,0.564184057
15164,0.5062400848
15178,0.4416178748
15198,0.5885236168
15200,0.5402416779
15208,0.1277026005
15214,0.5502653709
15218,0.4438558161
15231,0.3557754406
15238,0.3183155166
15239,0.33570072
15240,0.3396646117
15249,0.4380370501
15256,0.3181130744
15260,0.4988964468
15290,0.611325356
15307,0.6054049595
15308,0.5390045274
15321,0.5596419548
15323,0.5000115236
15325,0.4348817857
15342,0.5833730715
15346,0.384316308
15349,0.3888513194
15354,0.3416784182
15362,0.4064241621
15379,0.4729911004
15383,0.4100302393
15394,0.268971875
15401,0.465877805
15405,0.3426218195
15407,0.3435445694
15412,0.4829223731
15413,0.4183397729
15415,0.5235097321
15427,0.4689324731
15430,0.4152172085
15436,0.3655435647
15439,0.4134973865
15443,0.5584707921
15444,0.4531084577
15445,0.6207125196
15450,0.3626788868
15456,0.6021914761
15465,0.5895058474
15466,0.4604858666
15470,0.4249264004
15474,0.5102020637
15476,0.324114057
15482,0.5117630539
15492,0.6004867337
15510,0.4879189733
15519,0.3636349459
15523,0.3481771742
15535,0.4061336679
15561,0.5890588973
15564,0.401800307
15566,0.4117675281
15579,0.2869428323
15580,0.3915524767
15581,0.2951779864
15587,0.4664586087
15589,0.4411804794
15591,0.4604054739
15597,0.3309564893
15620,0.4300250068
15627,0.4009196072
15636,0.6306859823
15653,0.3874022922
15662,0.5877409504
15664,0.3934888607
15666,0.4016440855
15667,0.3143691037
15674,0.4904110249
15692,0.4277888007
15715,0.3668344454
15736,0.4698846379
15744,0.3994437877
15746,0.3270273167
15758,0.3638804836
15760,0.5178674498
15766,0.4261446213
15767,0.4161285252
15789,0.5578207123
15810,0.5402370365
15818,0.4362360704
15820,0.3655196254
15830,0.3466666837
15844,0.3024260233
15850,0.2706185628
15857,0.4303820738
15863,0.5902160565
15869,0.504154661
15872,0.3359215288
15873,0.3088060532
15884,0.4668292859
15885,0.4300839582
15891,0.3951729339
15898,0.3565978447
15900,0.3903607238
15932,0.4415911444
15940,0.3600442765
15944,0.4230311372
15945,0.3691373354
15963,0.4054431193
15970,0.3004618128
15977,0.6146580959
15982,0.3317655905
15985,0.4017701771
15995,0.3877959014
16004,0.4410598247
16005,0.5928801242
16011,0.5930889897
16019,0.6368610635
16021,0.3535309126
16051,0.6070817276
16065,0.5803180089
16066,0.4207230672
16076,0.5746622776
16091,0.3545148224
16094,0.5757990974
16101,0.5426621455
16104,0.5955472538
16113,0.5811731388
16114,0.4303272649
16115,0.5776640613
16127,0.4652507768
16128,0.332135579
16138,0.4245207839
16139,0.5639408147
16142,0.2843158748
16144,0.3600817942
16148,0.4800824082
16151,0.3346149556
16156,0.4036686149
16165,0.4311517935
16166,0.3083504806
16179,0.5275286544
16193,0.5007757781
16196,0.3821526662
16198,0.3859144066
16210,0.3793554634
16232,0.5918615416
16237,0.5557058653
16240,0.3894067814
16252,0.4293033932
16259,0.3478559437
16262,0.6076265849
16263,0.3407428667
16270,0.610594694
16272,0.4165422491
16290,0.443824558
16295,0.5977486527
16297,0.4123905582
16299,0.3100116393
16300,0.483629838
16302,0.3652465363
16303,0.3651086245
16305,0.4640204107
16309,0.3853033528
16312,0.4069686607
16320,0.5727291734
16326,0.4004598607
16327,0.2797266937
16338,0.3313991253
16342,0.2833214237
16346,0.3816241871
16348,0.3533886314
16355,0.3806042876
16356,0.3395352112
16378,0.5531326229
16382,0.4869769468
16391,0.3614680804
16392,0.4008777165
16395,0.6176278914
16399,0.4016482189
16403,0.3420901859
16408,0.3151508962
16413,0.4397166084
16415,0.5555580471
16417,0.489010257
16420,0.3216811611
16431,0.3786696097
16439,0.5109158208
16444,0.4501676701
16446,0.254365583
16451,0.3851390308
16454,0.3041979764
16461,0.4610831496
16462,0.379265902
16469,0.3508697236
16484,0.3765290701
16486,0.5637916829
16487,0.3332625938
16491,0.408295885
16494,0.4809899124
16507,0.6082262753
16508,0.5743466738
16519,0.4043886422
16523,0.3796157543
16526,0.6085723922
16530,0.3581962855
16532,0.5195699428
16542,0.5611218361
16550,0.5304598024
16555,0.4095499424
16558,0.4179955133
16567,0.4658428656
16576,0.350895968
16579,0.4719347288
16595,0.3976333098
16598,0.2795578038
16600,0.2871066544
16604,0.5143844968
16605,0.5259717041
16607,0.4532740947
16610,0.4471290497
16612,0.6059602202
16617,0.5689033975
16625,0.5757871268
16632,0.5778381795
16634,0.5667131652
16650,0.3628001368
16654,0.4287164945
16655,0.4154402627
16656,0.4429572794
16657,0.4079246889
16660,0.4148124785
16662,0.6132727973
16669,0.3945919094
16675,0.5358714755
16676,0.4757032404
16678,0.2941915198
16679,0.3483602162
16693,0.2700553943
16701,0.580963801
16715,0.3470015904
16722,0.5292154291
16724,0.3976549029
16727,0.423930941
16735,0.3307626169
16741,0.5220266375
16752,0.3133779369
16758,0.5147028545
16765,0.4202322502
16771,0.3558453074
16785,0.3048543071
16793,0.4085436072
16800,0.5500660052
16805,0.310352105
16809,0.2880167729
16820,0.5128486303
16827,0.3969757155
16830,0.3421978369
16843,0.5855252852
16847,0.5607219365
16855,0.5801945094
16860,0.5633098271
16862,0.4632082968
16863,0.3036188675
16872,0.2637553011
16874,0.2802821899
16876,0.4865924454
16893,0.3595331949
16895,0.5832114804
16914,0.5903447899
16917,0.3446058591
16926,0.3110684755
16930,0.4020927531
16931,0.3009048376
16932,0.3943891821
16934,0.5138452054
16937,0.4269515191
16941,0.3829170541
16942,0.607952355
16957,0.4695745178
16962,0.5439560937
16967,0.4653928865
16968,0.5849291086
16972,0.4176985863
16974,0.3212141954
16984,0.3621129016
16987,0.4761178236
16994,0.6071402163
16995,0.4882866199
16999,0.3563773253
17034,0.4893845393
17038,0.4152746259
17040,0.3297607678
17050,0.4209507815
17068,0.314579097
17077,0.3353501911
17079,0.3887224586
17082,0.4121369848
17085,0.4619450869
17087,0.3341523109
17099,0.5661628307
17105,0.3261229383
17108,0.5430677875
17110,0.5802837337
17111,0.4270389565
17123,0.5845044714
17124,0.369454575
17130,0.446644865
17138,0.2948772821
17143,0.588084863
17157,0.5119859705
17160,0.4530617281
17166,0.3754512358
17167,0.5583453639
17179,0.5814784461
17180,0.5008164145
17189,0.3960858673
17197,0.5318589882
17219,0.465989474
17223,0.531191566
17225,0.4160329875
17229,0.5402240391
17234,0.3732587516
17235,0.4815867019
17239,0.4417575785
17242,0.3282171226
17243,0.4313345678
17246,0.4663348607
17247,0.3242346892
17255,0.5759373058
17258,0.5750364601
17260,0.5709300495
17264,0.4304102371
17270,0.531996916
17271,0.51531017
17272,0.4289828763
17285,0.456401114
17294,0.4427239887
17297,0.4312053877
17298,0.4771743441
17299,0.4096097905
17306,0.4974725606
17324,0.3181399773
17326,0.4044822962
17330,0.3867298125
17345,0.3331176174
17351,0.4059528331
17352,0.3184026292
17372,0.5472734635
17381,0.5287511964
17385,0.3994878313
17388,0.3654218326
17390,0.4398894769
17392,0.4523572881
17399,0.5125182394
17404,0.3390822577
17407,0.427478102
17408,0.5818204361
17416,0.4383736289
17418,0.3389442514
17434,0.569368783
17438,0.5336712323
17443,0.5495180781
17444,0.3304225596
17453,0.5681247251
17460,0.3609622339
17467,0.3397305825
17480,0.3141081458
17488,0.5957475166
17490,0.4887238096
17493,0.4027368431
17498,0.3330165077
17503,0.4486762795
17513,0.3945302072
17520,0.5658655745
17525,0.4740318644
17534,0.2927721167
17545,0.4443128542
17553,0.4062249645
17554,0.4130482788
17557,0.3826568028
17563,0.430412761
17576,0.4234373738
17577,0.31208725
17580,0.4752882814
17582,0.3674953975
17596,0.3708798568
17597,0.3930634837
17602,0.5603635116
17614,0.4937199161
17623,0.3744328214
17624,0.3668135217
17627,0.4061064249
17628,0.3121632971
17630,0.3611529149
17634,0.548302983
17640,0.310952487
17652,0.5805943211
17657,0.4866189538
17661,0.5026325351
17662,0.3234219601
17666,0.3200322575
17682,0.5824202773
17688,0.596574844
17693,0.3815587169
17705,0.3949226866
17711,0.3901285659
17715,0.3129302114
17717,0.3609925256
17721,0.396194843
17728,0.2554743525
17737,0.3375745856
17745,0.3610090638
17755,0.4151520121
17764,0.5217736006
17774,0.3964141933
17785,0.3056980291
17786,0.4622520709
17789,0.3213049022
17802,0.2868741895
17810,0.537391604
17819,0.4866198137
17825,0.5132212531
17828,0.3205879357
17833,0.5047465238
17841,0.5351128161
17842,0.4341628242
17844,0.4588181527
17849,0.3245842523
17855,0.3777908522
17857,0.53089725
17861,0.3708775897
17863,0.4636997934
17868,0.351298126
17876,0.4650700417
17882,0.3752083906
17885,0.3930265407
17893,0.4126063934
17894,0.3587249065
17902,0.5515929777
17906,0.3689687839
17911,0.5714724691
17917,0.3605947654
17921,0.6209126047
17941,0.5061631383
17945,0.4146703873
17949,0.5325619084
17954,0.3478617126
17957,0.3739487538
17958,0.5567071105
17960,0.4073101453
17985,0.54043329
18000,0.5769420961
18002,0.5385704812
18008,0.2954481193
18014,0.4939713519
18015,0.6161061733
18019,0.561333205
18021,0.4117647952
18026,0.5586897775
18029,0.3414794985
18034,0.4734970912
18035,0.3453034211
18036,0.5799438943
18039,0.5706098498
18066,0.4494412088
18076,0.4192771509
18089,0.5502115965
18104,0.5562921131
18110,0.409529264
18129,0.4844179736
18131,0.5002381749
18133,0.4287291212
18136,0.3186980888
18148,0.5410960938
18152,0.1414804602
18167,0.3559282287
18177,0.4187874613
18178,0.306670092
18183,0.3718392623
18194,0.4408354424
18197,0.5470533818
18213,0.3113271258
18214,0.3399176597
18221,0.3333835239
18227,0.3039785132
18239,0.6051400725
18245,0.5177405583
18266,0.5717125692
18267,0.6126011671
18274,0.3532779681
18283,0.4617664638
18297,0.3184878347
18302,0.4724534385
18303,0.4548702952
18315,0.4088834836
18324,0.3416766154
18326,0.4522522178
18334,0.4467803463
18336,0.3738366402
18344,0.4208903166
18346,0.4128377821
18347,0.5018892314
18350,0.3955870522
18352,0.435527721
18364,0.4797065838
18366,0.3956518404
18373,0.4453383026
18391,0.489976397
18393,0.3864024373
18395,0.3908687238
18400,0.5395985556
18408,0.3800638991
18421,0.3538298614
18425,0.3602823906
18443,0.2994495589
18451,0.4111271019
18456,0.4078523985
18458,0.5636443905
18460,0.3080176869
18467,0.5505827209
18468,0.4453744049
18475,0.5722388648
18485,0.2898094744
18494,0.5551480556
18495,0.5855146986
18508,0.4052171052
18530,0.3639306437
18533,0.3534434895
18547,0.3677530071
18548,0.2726628636
18553,0.2659610741
18561,0.3613347298
18565,0.5854793299
18572,0.3205038785
18593,0.3457902978
18600,0.4848391294
18621,0.3689383617
18629,0.5403664934
18637,0.3272989675
18649,0.3613832687
18653,0.4270623597
18660,0.3182051621
18671,0.4770096416
18672,0.2959516164
18677,0.4253408347
18681,0.5590249228
18684,0.5568019429
18686,0.515027913
18689,0.3469264914
18690,0.4314868146
18709,0.4451387609
18716,0.5936824867
18723,0.4376988582
18773,0.4892540354
18782,0.4174464804
18797,0.6020209006
18810,0.3342044585
18817,0.5094570272
18820,0.5957220302
18825,0.321886273
18837,0.416883694
18850,0.4009011811
18857,0.6173056695
18861,0.6193217077
18867,0.4581657836
18870,0.4755038772
18877,0.5913064267
18887,0.5539492135
18898,0.3902100267
18900,0.3997843255
18914,0.4150471734
18921,0.5897241923
18922,0.47461341
18945,0.4615867857
18947,0.5244359698
18953,0.4273854792
18954,0.3525225299
18957,0.5260777816
18960,0.4632236889
18973,0.3879619134
18983,0.5603876363
18990,0.4172797367
18991,0.4941317978
18993,0.2987526099
18995,0.4159771797
18996,0.3592498309
19003,0.4164383595
19014,0.4511861219
19015,0.4367973722
19019,0.5403073506
19028,0.4787606327
19038,0.6413350557
19040,0.6311413218
19046,0.3810957345
19051,0.3605709749
19054,0.6303910079
19056,0.4474888604
19074,0.3521455636
19085,0.5672192544
19099,0.5894686424
19124,0.5095289495
19134,0.4646781279
19141,0.3260443767
19146,0.5124945388
19150,0.3999812711
19170,0.3704553073
19176,0.3297391299
19187,0.3992116155
19189,0.3782711441
19202,0.3940668411
19208,0.3690470708
19209,0.2914937502
19210,0.5511974081
19216,0.3516553354
19217,0.3738772164
19218,0.5048159299
19223,0.5392885482
19240,0.3090959301
19246,0.5764211918
19269,0.3551396426
19275,0.5502975974
19287,0.3849097788
19298,0.4186787032
19303,0.4116639785
19313,0.4967149772
19325,0.3152478632
19326,0.3378665153
19328,0.4223796166
19330,0.3687399504
19340,0.4737346449
19342,0.4319130281
19343,0.4157717963
19344,0.4613954984
19363,0.311724298
19364,0.4194559637
19371,0.2723693817
19376,0.5090928853
19377,0.3460337364
19381,0.4765718644
19384,0.5988029522
19390,0.5843116052
19402,0.3797497045
19405,0.3761878045
19409,0.396302211
19418,0.5046939096
19429,0.6098768078
19446,0.4973246822
19458,0.4982931634
19460,0.4086768454
19462,0.5445977856
19465,0.3489063311
19472,0.5985663346
19480,0.3268393204
19503,0.591891807
19507,0.496509932
19517,0.3423749388
19533,0.4431162461
19537,0.5122204434
19541,0.3314875463
19563,0.4779528324
19566,0.5801948814
19568,0.5796364776
19576,0.389646174
19591,0.361095312
19597,0.5607536162
19619,0.5075619733
19622,0.5574083394
19623,0.3737367097
19624,0.3101014335
19627,0.3476186199
19629,0.4321278422
19633,0.3490472388
19639,0.2745998925
19641,0.263527562
19643,0.3570538078
19649,0.5006235581
19652,0.5663792786
19657,0.3484060163
19660,0.5951602031
19668,0.6036300569
19678,0.4112196756
19686,0.5254500969
19690,0.2952388852
19694,0.4062050807
19695,0.3563448256
19702,0.5870373519
19712,0.6101304666
19720,0.5734739059
19735,0.3966278848
19739,0.3357608211
19740,0.580512761
19743,0.3331711146
19750,0.4496382876
19752,0.3796585754
19754,0.3684406767
19762,0.5942029768
19770,0.3043859839
19775,0.4846952781
19777,0.4101335229
19782,0.3703324546
19783,0.6119711668
19786,0.4447844372
19805,0.4061115821
19808,0.5789272681
19819,0.5131915681
19821,0.3008082285
19827,0.4698464761
19830,0.469168364
19832,0.4526106893
19833,0.4393071207
19834,0.3427614143
19843,0.3748021764
19844,0.2945349816
19846,0.3014348017
19847,0.3034379007
19850,0.5624722065
19851,0.3389105752
19861,0.5494735398
19873,0.5582054876
19878,0.3220902218
19886,0.3697453988
19892,0.3800512381
19901,0.3319634576
19902,0.5582052854
19920,0.5170173816
19921,0.3310514746
19922,0.3485997179
19929,0.6237255452
19932,0.6020520523
19935,0.3398899353
19936,0.3906519866
19946,0.5736306183
19950,0.6004475877
19952,0.4248197436
19955,0.5825368729
19976,0.4848711706
19983,0.3539701469
19987,0.2855228731
19991,0.6162916534
19996,0.4579858822
20007,0.5829893826
20015,0.3619676826
20019,0.3410470619
20023,0.4571645307
20034,0.4165175684
20036,0.3191968583
20038,0.3957448347
20039,0.3508520326
20040,0.3953513507
20045,0.594230492
20046,0.4267629236
20048,0.3942238528
20060,0.6163528905
20068,0.3563396706
20074,0.5987843531
20111,0.441859048
20117,0.3065840797
20125,0.313294323
20129,0.4743733432
20134,0.2777147367
20135,0.3211878412
20139,0.3403499692
20142,0.5431097047
20147,0.3179713296
20154,0.522623626
20157,0.2726975466
20169,0.2836846924
20179,0.3048592833
20202,0.447081378
20207,0.607963812
20215,0.4691991824
20216,0.5928171004
20217,0.5865427047
20218,0.5859643229
20219,0.4204455727
20226,0.3141317867
20236,0.3466842178
20239,0.2949303907
20246,0.3235815419
20247,0.5438760286
20253,0.435139321
20255,0.2876953939
20268,0.2994487685
20270,0.5532267575
20271,0.3451082185
20279,0.5285382249
20282,0.5250608147
20295,0.3629897616
20302,0.569987698
20305,0.5550571947
20306,0.5658016839
20308,0.3212451197
20330,0.437225043
20335,0.5653493808
20344,0.4254036384
20349,0.6004932984
20360,0.3594113888
20362,0.5214681836
20378,0.3846879869
20394,0.3422193416
20397,0.5906444021
20403,0.5483665675
20405,0.4120187391
20415,0.4250337955
20417,0.3645390639
20420,0.3778842062
20425,0.596326417
20430,0.5812216224
20435,0.4362466545
20443,0.337638794
20446,0.5963754873
20458,0.3992054845
20459,0.4995428471
20467,0.4351082769
20470,0.5840227678
20482,0.483085739
20489,0.5089027601
20495,0.32678603
20496,0.3908647593
20497,0.4602929805
20505,0.5784857913
20509,0.558745011
20535,0.3660201413
20539,0.581615466
20544,0.4591975253
20547,0.3894366925
20556,0.305509454
20557,0.4367973739
20575,0.4137718969
20577,0.548011344
20596,0.4909223259
20597,0.5571382083
20602,0.3428432384
20603,0.5639047322
20609,0.5626482094
20618,0.3018569483
20621,0.5580839897
20628,0.39090012
20634,0.6279566924
20637,0.434843363
20641,0.4084636926
20642,0.6017425199
20647,0.3607874812
20655,0.3343338821
20656,0.3081177132
20661,0.300641861
20664,0.538099601
20674,0.6010851851
20679,0.5159661851
20680,0.4224696419
20683,0.5918233996
20687,0.3577642743
20688,0.6098414488
20695,0.3436832602
20696,0.3580853475
20699,0.3491674987
20701,0.3192951588
20702,0.5360118443
20704,0.2922712615
20721,0.330604283
20725,0.3496157868
20731,0.3888840973
20741,0.5809282273
20742,0.3344490608
20753,0.5424276549
20756,0.2963522223
20769,0.2958250848
20771,0.3464522629
20774,0.4103257802
20777,0.4027144636
20781,0.4737809632
20797,0.4030306057
20808,0.2828369225
20810,0.373484037
20820,0.2435875776
20823,0.6145879527
20829,0.5906852655
20832,0.4199831411
20833,0.3274404586
20837,0.3287923149
20838,0.5141896662
20839,0.3439882862
20847,0.4717368783
20861,0.3625210132
20869,0.5784836022
20875,0.3132149816
20877,0.5993777977
20889,0.3068111219
20894,0.4808862278
20901,0.4381147961
20919,0.5572512907
20923,0.3270525314
20935,0.5218348104
20937,0.3293321202
20939,0.5665338636
20940,0.3525727923
20943,0.2793327625
20946,0.3126015336
20950,0.3836504985
20961,0.593610619
20965,0.3494780732
20967,0.588631026
20969,0.5350847902
20970,0.3568169566
20975,0.4206507112
20987,0.3280685578
20995,0.5203963967
20998,0.5572364028
21002,0.2933265289
21012,0.5799526486
21013,0.5912305801
21015,0.3606192962
21017,0.4764259082
21020,0.3074620571
21028,0.4225540837
21031,0.4420118931
21036,0.3339252594
21040,0.3191633262
21048,0.440234158
21049,0.3375915507
21051,0.3953679605
21070,0.409107711
21072,0.4737670693
21079,0.3670257776
21090,0.3739588765
21093,0.4222879247
21104,0.2917399704
21114,0.3483481149
21117,0.4613766953
21120,0.3576470407
21121,0.3121478543
21132,0.332553143
21136,0.4634311409
21139,0.4664187871
21140,0.4093638204
21146,0.392418351
21150,0.3168429794
21178,0.5829775767
21180,0.5707564124
21198,0.3675694218
21203,0.3733447837
21210,0.3968651905
21218,0.3924358805
21220,0.4099999457
21222,0.3479942235
21228,0.6012553133
21236,0.4938343537
21239,0.3145670182
21260,0.3943333839
21267,0.5320675819
21271,0.3256279718
21279,0.4813115441
21286,0.3248755105
21288,0.3997312887
21294,0.4462240865
21298,0.3552185102
21299,0.4136447819
21300,0.5852796539
21304,0.3481094841
21307,0.4508063642
21309,0.3492416015
21311,0.4722051964
21331,0.2920572675
21332,0.5539053325
21342,0.4435027473
21345,0.4319234097
21348,0.576823726
21353,0.39664549
21357,0.4854670925
21369,0.4501243853
21370,0.5867078758
21371,0.4125252154
21373,0.2599354852
21385,0.3795190862
21392,0.4644467756
21401,0.5189435153
21403,0.4350714625
21406,0.5274583103
21413,0.5653562505
21414,0.5636061009
21416,0.5573871204
21423,0.5335867045
21442,0.5396812707
21443,0.491632237
21448,0.4210849301
21459,0.5002960643
21467,0.4393903867
21474,0.3754057158
21484,0.5972100988
21488,0.340945199
21495,0.315647662
21498,0.3646751463
21502,0.4917094937
21503,0.4432851922
21510,0.4780736701
21516,0.6135521283
21533,0.5687864186
21535,0.3693927411
21539,0.5311899558
21541,0.3697378226
21544,0.4108354443
21554,0.4023945865
21569,0.4077691824
21572,0.5845760249
21578,0.4288548153
21580,0.3761500915
21584,0.2981742053
21589,0.5684562156
21595,0.3422479282
21598,0.3611115268
21599,0.3405738676
21606,0.3780310322
21623,0.3806963387
21639,0.5033369128
21641,0.3956332316
21645,0.3675755157
21647,0.4295878989
21648,0.4387834508
21657,0.435751696
21671,0.3938250674
21673,0.5555629883
21678,0.3604142047
21696,0.4769061592
21699,0.3356640413
21700,0.2932178968
21703,0.4175589748
21710,0.4058171153
21721,0.4556431009
21727,0.296018716
21728,0.5458600585
21731,0.3575154915
21741,0.3667664126
21744,0.407394174
21748,0.3402674263
21753,0.3652468299
21756,0.5369196542
21763,0.3759947343
21767,0.5526591593
21772,0.5654580097
21774,0.2927439392
21775,0.3645019033
21780,0.4024354234
21787,0.373162974
21805,0.3471934859
21828,0.4572219991
21831,0.2941567304
21837,0.3234061146
21842,0.3392011133
21849,0.3262252451
21856,0.4053846853
21858,0.4052621705
21862,0.4081204706
21864,0.3254653578
21867,0.4212634164
21879,0.367408512
21881,0.4210244308
21883,0.4008343474
21891,0.3557204418
21892,0.455776667
21902,0.4569648809
21909,0.3543288499
21914,0.5140865745
21918,0.2955271445
21919,0.2803889999
21926,0.4643138753
21930,0.4937966576
21934,0.5214407297
21940,0.3279105444
21945,0.4365265179
21948,0.5413551018
21953,0.2886214536
21954,0.475605366
21956,0.4014651883
21963,0.5606354343
21970,0.4430687699
21984,0.3486531833
21997,0.3773698305
21999,0.4456725785
22001,0.3257881252
22002,0.5229409442
22010,0.3488036118
22013,0.3508472245
22022,0.3204794131
22024,0.3303034351
22028,0.3086284059
22029,0.5571743761
22045,0.3065308922
22049,0.4241727562
22064,0.5400074433
22069,0.3152151409
22074,0.4271107383
22082,0.2998830123
22084,0.4173218873
22090,0.5520617298
22096,0.4743868249
22100,0.3124893484
22105,0.2902761192
22119,0.431970225
22130,0.3415518568
22152,0.43794146
22155,0.4366708013
22164,0.3118633388
22173,0.4135072156
22194,0.4076052378
22209,0.3320469781
22217,0.4207432003
22220,0.4112345017
22222,0.5451742514
22244,0.3098064746
22245,0.3666852021
22250,0.4273861292
22256,0.5664264352
22261,0.558081432
22264,0.3918289632
22270,0.4449574457
22279,0.5578810187
22280,0.3116235247
22284,0.2745645473
22288,0.3585588136
22293,0.4216856228
22297,0.5650530916
22307,0.6237727296
22310,0.365373454
22319,0.5248773133
22324,0.3673291684
22326,0.5226361263
22327,0.3558110803
22329,0.3619793545
22331,0.4831087226
22340,0.5789357392
22342,0.4489112149
22347,0.3489140078
22351,0.3661654113
22357,0.3277467475
22361,0.4079569037
22371,0.3218990973
22373,0.5643481964
22391,0.4832407101
22404,0.4234377429
22409,0.5371040832
22411,0.4222637442
22428,0.3337186195
22436,0.3057409853
22444,0.520914887
22445,0.3389161275
22451,0.340090621
22463,0.281045951
22464,0.2854895459
22467,0.5514296399
22472,0.4433334628
22485,0.5963229555
22497,0.4247658381
22504,0.5671129821
22508,0.3065988136
22516,0.2995621869
22522,0.288037518
22527,0.4518266261
22543,0.4256742433
22549,0.2948226257
22551,0.4552156409
22557,0.4039190654
22562,0.2849762782
22567,0.3565158834
22572,0.3607539704
22575,0.3645744364
22578,0.4255773335
22579,0.3438601249
22580,0.3315620211
22581,0.3126132487
22591,0.4750335545
22593,0.3435884257
22597,0.3591263205
22600,0.5878937802
22602,0.442657662
22603,0.4157059182
22616,0.4956955687
22617,0.3344896544
22622,0.3327898189
22623,0.35900605
22624,0.5737626329
22628,0.4595383074
22640,0.4369159506
22641,0.3521856701
22653,0.396261734
22660,0.4200986273
22672,0.4923606343
22674,0.3140074855
22689,0.446036987
22698,0.3023240855
22705,0.4020363334
22709,0.5544674642
22711,0.3267883791
22714,0.5763472003
22715,0.3306464623
22729,0.4506903646
22730,0.4247587695
22733,0.3417354787
22750,0.2968227226
22754,0.4700184104
22756,0.400025425
22758,0.5497815543
22767,0.5337875341
22768,0.308708119
22769,0.4978671653
22776,0.5646549997
22778,0.3387878649
22780,0.4801953607
22789,0.5431374463
22797,0.4991527534
22799,0.4106034534
22814,0.2911654194
22818,0.3007051683
22821,0.4180501661
22823,0.4604621612
22841,0.3132930968
22847,0.3567585565
22848,0.4137682982
22862,0.3661301139
22875,0.608549757
22877,0.4831880436
22887,0.4183670108
22892,0.5454666508
22899,0.4463781373
22901,0.3968915239
22907,0.3837813553
22909,0.5652358797
22926,0.3255874988
22927,0.3128061832
22930,0.3533225603
22934,0.3714537557
22937,0.3529392105
22939,0.5931344184
22949,0.3216670358
22951,0.5889528494
22955,0.3000366011
22965,0.5580591599
22966,0.5549386279
22968,0.584950943
22972,0.5696971474
22975,0.5673710145
22981,0.4034180289
22994,0.3615162907
22996,0.6019182306
23011,0.5830949339
23028,0.5520958033
23031,0.2885009517
23035,0.3093486967
23038,0.5824117523
23042,0.6318507143
23049,0.5320434395
23051,0.6110336877
23053,0.32194157
23057,0.5786486633
23058,0.5771065546
23063,0.3804578939
23064,0.3599595112
23067,0.4756322355
23071,0.3662261461
23075,0.5294444219
23077,0.6004649922
23090,0.3411066472
23094,0.6082125718
23097,0.3475278567
23103,0.4071879268
23107,0.5425242655
23117,0.3098357175
23122,0.4190476162
23124,0.4391283227
23126,0.5717187863
23129,0.6037257066
23136,0.5786063063
23141,0.3335036298
23142,0.5814075272
23147,0.3166456655
23154,0.6073123113
23159,0.5018211735
23165,0.6169641254
23171,0.5960129019
23173,0.2579221291
23175,0.3647988823
23179,0.5882093716
23182,0.5915011532
23185,0.5846951152
23188,0.3260148388
23189,0.3120927573
23209,0.3454688243
23214,0.6134928421
23215,0.354898258
23233,0.3645640046
23241,0.5894208556
23252,0.3923284734
23255,0.5762925151
23263,0.4576327361
23281,0.2954582655
23282,0.4527908799
23289,0.5422094857
23292,0.5508252473
23296,0.3705363652
23297,0.4166002016
23301,0.3783481161
23302,0.5920740768
23304,0.4033849634
23309,0.4601131569
23312,0.581258625
23316,0.3610513278
23321,0.4543190964
23342,0.3223391138
23344,0.4443168691
23350,0.5338958723
23367,0.5921169433
23368,0.395342454
23374,0.3556105621
23387,0.4646993952
23389,0.5907590818
23399,0.4537176553
23403,0.3837754756
23406,0.5430472249
23414,0.5364410793
23415,0.3820113291
23419,0.5837355843
23436,0.3922254041
23439,0.5764852306
23444,0.5697832421
23445,0.3100544692
23455,0.5090191676
23469,0.299555993
23472,0.5336167283
23477,0.3376654834
23478,0.6131184656
23479,0.3977432389
23487,0.3100172096
23490,0.3439648434
23491,0.5426283966
23492,0.5777800348
23494,0.4693832598
23496,0.4714587625
23497,0.4184808388
23506,0.4532042109
23515,0.4090523738
23528,0.3213921936
23532,0.4086691318
23549,0.4368521809
23551,0.4755684756
23552,0.5104455832
23555,0.3286077134
23556,0.3337756868
23564,0.6073123113
23583,0.3710092371
23592,0.5620184308
23597,0.6230045397
23601,0.415862478
23605,0.6042721841
23615,0.4221267244
23619,0.2898873265
23621,0.5665513858
23626,0.5480104482
23635,0.5703422932
23637,0.3418391521
23640,0.3028217749
23646,0.480459732
23655,0.3059263298
23672,0.5255726742
23673,0.3924108333
23682,0.3743511743
23683,0.5828608124
23699,0.32374591
23704,0.5814718613
23707,0.5703210074
23713,0.4007936274
23714,0.4213985254
23716,0.5483368854
23718,0.5450294748
23721,0.4666139247
23735,0.4198824735
23737,0.3854647781
23744,0.4233151139
23749,0.6053210555
23755,0.5416717807
23769,0.6180425225
23772,0.5898247469
23773,0.2428292297
23774,0.6139091541
23779,0.3064778152
23782,0.6245705392
23793,0.5970054692
23803,0.5707300038
23828,0.612326287
23833,0.5931553803
23834,0.5144875338
23844,0.3401664727
23845,0.6021281477
23852,0.523515441
23855,0.5756920925
23867,0.434433071
23872,0.5957591806
23874,0.5920321179
23880,0.325101358
23886,0.4179150588
23898,0.421749039
23900,0.3134578087
23903,0.315915157
23907,0.4891000802
23908,0.4487938837
23912,0.2857168735
23916,0.4537985878
23917,0.5423499247
23918,0.2945108812
23922,0.4154026532
23928,0.4355519334
23940,0.6230870251
23944,0.5737894978
23945,0.6038521861
23951,0.3950873649
23966,0.5107795382
23970,0.5645512565
23971,0.3959352044
23976,0.5728363712
23980,0.3799756358
23987,0.6235817878
23988,0.4179190379
23993,0.3431933729
23997,0.5337900092
23998,0.3418181875
23999,0.5917776089
24010,0.6192025738
24015,0.5652785709
24023,0.3318654636
24033,0.3711058274
24046,0.6138679765
24060,0.3613627686
24062,0.499219807
24065,0.6042297412
24070,0.578092425
24071,0.2919839784
24073,0.5483444052
24079,0.3320202461
24082,0.6435147797
24084,0.3729900589
24089,0.3743109852
24094,0.3239928422
24100,0.3343771846
24105,0.3982509356
24106,0.5059403613
24108,0.5885276639
24111,0.5852067249
24120,0.5255508054
24125,0.4071474395
24134,0.5958855945
24140,0.3986590888
24151,0.4429144817
24153,0.3240259933
24154,0.5917985925
24161,0.3510773817
24166,0.326571305
24170,0.5935362679
24176,0.4937712241
24182,0.5783061039
24188,0.3080393185
24190,0.3224042658
24201,0.6102399539
24211,0.4113873966
24215,0.5985046223
24216,0.5853561382
24219,0.4355673182
24222,0.6037257066
24240,0.6077517311
24243,0.3834264808
24245,0.3393095948
24251,0.4041656252
24256,0.5721708983
24258,0.4752004017
24261,0.402106723
24263,0.3407602254
24264,0.3634474899
24266,0.412565376
24273,0.4207966318
24278,0.4589419769
24289,0.6095921427
24292,0.338897607
24293,0.4056871553
24298,0.5891868727
24299,0.5155692884
24303,0.5719989426
24304,0.3964729265
24305,0.3765051765
24329,0.4335640964
24341,0.4014614017
24345,0.5996855778
24353,0.4785070393
24358,0.6127224508
24364,0.5763453083
24367,0.4657497685
24370,0.5763211449
24377,0.3841640098
24380,0.395498583
24381,0.439951914
24387,0.326574123
24391,0.4133623721
24409,0.6020231938
24413,0.4439070981
24416,0.3596804457
24427,0.5497379196
24439,0.2824917331
24443,0.4135550624
24448,0.383820563
24454,0.5723428367
24455,0.4521241433
24461,0.5402395185
24464,0.3743117865
24468,0.4198679907
24469,0.530634046
24501,0.4540710963
24508,0.4146443802
24519,0.3668542476
24520,0.5671123699
24538,0.6308082425
24540,0.6107203947
24550,0.3735328522
24552,0.5163722688
24561,0.5142133576
24577,0.6161338045
24579,0.4674576497
24580,0.4527331811
24582,0.4108287203
24591,0.4599475469
24592,0.3990033076
24599,0.4111873612
24602,0.3170088645
24606,0.3563833356
24617,0.4709869453
24619,0.4331092094
24630,0.2749535216
24633,0.6488944955
24634,0.5730162224
24638,0.4212615483
24641,0.3738820979
24644,0.4701243071
24645,0.6240355354
24656,0.4300079621
24661,0.4003027673
24663,0.5805957502
24667,0.366335617
24669,0.5684052244
24682,0.3555027356
24698,0.4416484532
24699,0.5840337874
24702,0.431798817
24703,0.5762491757
24717,0.3933004017
24724,0.5974705732
24731,0.4706210428
24737,0.520682261
24740,0.5343222267
24743,0.4830600291
24744,0.5890168436
24755,0.61795961
24757,0.4575282357
24765,0.5984628763
24766,0.4191795174
24776,0.5757990974
24787,0.5609370248
24789,0.4384447124
24791,0.2549057696
24792,0.442115415
24804,0.2238410947
24812,0.4188969446
24816,0.5488325201
24817,0.526120812
24820,0.5025087465
24828,0.474268303
24832,0.4538443246
24836,0.4969408259
24842,0.6096757241
24846,0.5446035052
24847,0.4197111298
24848,0.602044005
24851,0.5957164355
24855,0.5896968319
24856,0.434176336
24871,0.615219669
24874,0.5086008739
24877,0.3752052908
24889,0.3858409364
24897,0.4794743479
24899,0.6006969049
24908,0.4866638989
24913,0.6210645325
24923,0.5569279052
24933,0.4547726647
24971,0.4223424446
24973,0.6099057637
24993,0.5964565641
24998,0.5833730715
25000,0.6086723232
25001,0.6079191687
25002,0.3729451129
25003,0.5973225222
25009,0.3921492046
25024,0.4288914999
25026,0.3927603926
25027,0.555719177
25034,0.4857956715
25050,0.4161187645
25057,0.3206540719
25067,0.4371604521
25075,0.3528518633
25081,0.381857031
25085,0.3751157555
25093,0.4283929386
25097,0.4203401561
25103,0.3389536385
25104,0.5791070007
25109,0.3475128511
25112,0.4830589375
25113,0.326085223
25114,0.449884763
25119,0.5142504274
25121,0.4509386537
25122,0.4419334194
25124,0.5630769521
25131,0.3515278313
25134,0.4472182629
25144,0.4563575691
25147,0.5687062955
25148,0.5641348992
25149,0.427461014
25155,0.5499235818
25169,0.38350519
25177,0.552356338
25178,0.3721301712
25179,0.3034462609
25180,0.5484453779
25191,0.601707374
25199,0.4591813563
25232,0.564026517
25241,0.4065122106
25242,0.5335767339
25243,0.5535384455
25246,0.5218601277
25259,0.5776640613
25265,0.6435147797
25278,0.6301536555
25280,0.5496345779
25284,0.4109819275
25286,0.6148870539
25288,0.5626456591
25318,0.5891018608
25330,0.6032214516
25333,0.3439841522
25339,0.3312568947
25340,0.5780067616
25346,0.3454439693
25349,0.5953989745
25351,0.3237712989
25361,0.55994251
25366,0.3414750358
25368,0.6126597205
25369,0.3595827794
25370,0.6055520011
25375,0.2604335386
25376,0.5968791686
25377,0.3078047762
25379,0.343320553
25382,0.5981034541
25386,0.5918405589
25389,0.5857181508
25399,0.4436738484
25400,0.6111913856
25401,0.5552315501
25407,0.536793741
25409,0.519633659
25412,0.5651555161
25416,0.5146629979
25418,0.4260416728
25423,0.4123991723
25436,0.3969781782
25439,0.3384323793
25442,0.3457865716
25445,0.6005075719
25446,0.3967741101
25453,0.4166830032
25456,0.6265449221
25458,0.6234168955
25460,0.4164740426
25461,0.4347283821
25468,0.4374624691
25470,0.376390266
25471,0.5573944216
25482,0.3754184792
25501,0.6076058754
25504,0.6055943948
25515,0.4140840849
25518,0.4086262964
25528,0.3607733213
25533,0.3851248068
25543,0.4133440838
25548,0.3947804861
25564,0.4353288912
25572,0.6101770773
25576,0.3240700702
25577,0.5953780493
25587,0.3129575114
25591,0.4614156916
25596,0.5294262146
25598,0.5316538938
25617,0.3645193472
25618,0.6269972343
25620,0.5101453956
25623,0.398491214
25626,0.4300181648
25628,0.4581244153
25633,0.5955263311
25637,0.364179273
25644,0.5780868386
25662,0.3646924161
25663,0.5539486959
25673,0.4874628137
25678,0.357535716
25685,0.3411219837
25691,0.5802381188
25706,0.442568261
25707,0.4760732268
25723,0.398245309
25725,0.3594538097
25735,0.5924771627
25740,0.3853788256
25759,0.4177173105
25761,0.5021611505
25769,0.3226425767
25774,0.486215476
25779,0.573158844
25781,0.3803369165
25784,0.5548518835
25790,0.632340761
25796,0.4311532833
25816,0.399101844
25847,0.5173489818
25850,0.5354691661
25852,0.5418557622
25856,0.3221310452
25866,0.3664229335
25867,0.5569542506
25868,0.3552525195
25869,0.5549600812
25877,0.5993976272
25878,0.4101445158
25890,0.5910767733
25898,0.5749410202
25899,0.389616722
25906,0.5914372775
25907,0.5911826536
25915,0.5740178533
25932,0.6079191687
25939,0.3668715057
25946,0.5904614091
25951,0.5763782714
25959,0.6139091541
25961,0.3693873589
25964,0.5979772659
25969,0.3836373803
25980,0.4070089336
25986,0.5521980457
25992,0.4773018943
25998,0.5065828388
26000,0.5735671589
26006,0.4520612615
26009,0.5675229385
26016,0.5996978034
26023,0.5857486577
26038,0.5906732592
26041,0.5177608729
26050,0.471283438
26051,0.5981034541
26057,0.4012538994
26060,0.2875911086
26062,0.5074691644
26067,0.6146580959
26068,0.4587376961
26072,0.4359021918
26074,0.4845161668
26075,0.33876147
26081,0.5951878939
26108,0.5850151212
26112,0.5740612523
26113,0.4646726279
26115,0.5319834046
26122,0.4632340679
26139,0.3007596349
26162,0.5755841611
26165,0.3730578834
26173,0.3352644924
26177,0.5415652638
26179,0.3759542781
26184,0.3335037375
26190,0.4058789219
26204,0.4079007067
26205,0.1376879129
26212,0.4973591576
26215,0.3549579657
26227,0.5034768043
26232,0.5684483439
26237,0.5605915044
26246,0.4084428148
26248,0.5465316493
26249,0.3491834718
26260,0.5721926621
26263,0.4220604752
26267,0.5642653978
26269,0.3832111131
26271,0.5614136786
26273,0.3825533622
26286,0.569697649
26297,0.573204432
26309,0.4085738945
26313,0.4457293514
26319,0.4265900103
26329,0.4973229712
26330,0.5992227116
26333,0.4033253234
26361,0.5924180505
26366,0.587101395
26376,0.5773792845
26378,0.5742936463
26382,0.4274121682
26389,0.4162417792
26391,0.573888187
26401,0.4666158603
26415,0.4323394622
26419,0.46281927
26421,0.5932196658
26422,0.423512284
26423,0.5885501053
26424,0.5874440235
26441,0.4955227772
26442,0.4018369879
26446,0.5562970244
26447,0.3248918577
26448,0.3946561222
26451,0.3910075874
26459,0.4483840701
26465,0.4374579213
26476,0.4323313817
26481,0.4220613059
26487,0.5900161812
26501,0.468879868
26513,0.5614350663
26517,0.4758671406
26527,0.6135560077
26534,0.5924566839
26535,0.5919477812
26545,0.3082923736
26550,0.5143825583
26558,0.4473170484
26571,0.5382721199
26573,0.536787882
26575,0.3077717279
26578,0.5301448601
26583,0.5218263132
26590,0.3835920668
26593,0.5539081827
26602,0.5403963405
26606,0.4674387483
26613,0.5839067519
26615,0.4537306315
26618,0.351865148
26628,0.5735676593
26630,0.5215115553
26635,0.4147546768
26645,0.4110590027
26648,0.4551303947
26651,0.3439059926
26660,0.5077540761
26663,0.4317657644
26664,0.5362285685
26665,0.4805717821
26673,0.5435473918
26675,0.3348535168
26676,0.5600850497
26677,0.3918514233
26679,0.5791553438
26687,0.5687886795
26689,0.5702664962
26697,0.5442390138
26737,0.567543926
26747,0.6076477818
26748,0.4007567351
26749,0.5042838929
26754,0.6024443443
26759,0.4076833765
26760,0.589591329
26765,0.437093083
26769,0.5109453982
26771,0.3182880405
26776,0.3643217903
26778,0.5505297658
26780,0.3996285221
26783,0.3413888366
26785,0.5029310865
26800,0.4057701337
26804,0.5334656997
26812,0.3356934815
26816,0.3282128028
26823,0.6213955787
26834,0.6104290483
26836,0.500566454
26841,0.5249672828
26845,0.4837548912
26849,0.4343781516
26854,0.5114834921
26858,0.4235552049
26860,0.3184867421
26866,0.3607448733
26871,0.3872644575
26873,0.6083174428
26905,0.5149242927
26907,0.5150032595
26920,0.4962581056
26924,0.2954777216
26930,0.4559447427
26942,0.4311923266
26944,0.3592685591
26949,0.5989270156
26952,0.5939393933
26956,0.4481466828
26973,0.5336435553
26977,0.4232175548
26993,0.4836288483
26997,0.5094124469
26999,0.3689335576
27021,0.3238692389
27023,0.3922421806
27025,0.1291178406
27027,0.3451082803
27032,0.5703002227
27034,0.4626352329
27036,0.3644622981
27045,0.2937336951
27050,0.5542831904
27051,0.4407149863
27055,0.4194936051
27056,0.4019088472
27060,0.445801023
27061,0.6078575431
27066,0.5922660958
27070,0.329300387
27073,0.3203851416
27077,0.4055628841
27085,0.3607667054
27086,0.3411239132
27099,0.6191202403
27105,0.6144716188
27109,0.3169462985
27125,0.4096312003
27135,0.5322439232
27139,0.3450173102
27140,0.5278696733
27141,0.3189883562
27142,0.2801439032
27144,0.3715400598
27148,0.3550800634
27154,0.3362439517
27162,0.540976907
27175,0.3581305798
27176,0.301648952
27178,0.4718543385
27197,0.3295673352
27204,0.3238237693
27205,0.3251185201
27206,0.3231075362
27207,0.3400389526
27216,0.3365447336
27230,0.3377964844
27234,0.527495764
27241,0.4057624079
27249,0.591523545
27251,0.5125714489
27252,0.4846773567
27256,0.5953003145
27257,0.4662773117
27263,0.5577516695
27268,0.4062786998
27269,0.3390039067
27276,0.3356238515
27279,0.5692673498
27288,0.6432535725
27295,0.5576278693
27299,0.6188102851
27302,0.3453058567
27304,0.3531941824
27316,0.4968493142
27318,0.4188700051
27330,0.4577988155
27333,0.4717622973
27335,0.3384276228
27339,0.3883754081
27341,0.6183130897
27342,0.3309798832
27345,0.4626929956
27347,0.4060575852
27354,0.4263114521
27361,0.2913398965
27375,0.5592505708
27387,0.623973993
27390,0.6207547859
27392,0.6184369678
27399,0.5184874867
27403,0.4072445644
27410,0.6004723565
27423,0.4854215022
27429,0.5132915263
27432,0.5546667357
27436,0.3587316301
27437,0.5286097934
27441,0.5104096277
27444,0.4971181691
27445,0.3541052669
27448,0.5217222088
27454,0.4060348727
27459,0.4618777757
27465,0.3182113481
27478,0.5705371217
27479,0.4156116706
27481,0.5671777677
27483,0.3373276879
27486,0.3761820899
27498,0.3473197096
27505,0.3077688192
27507,0.3350478086
27509,0.3886791385
27514,0.3100745077
27527,0.615760868
27535,0.5060607051
27544,0.480671376
27545,0.316989978
27556,0.5304294888
27563,0.360555939
27569,0.3070510074
27585,0.44129031
27589,0.3616387551
27605,0.3366202944
27608,0.590080125
27609,0.3266475162
27611,0.4068266218
27621,0.3073199687
27626,0.5828824287
27629,0.3391996691
27645,0.5632288906
27651,0.3099716012
27654,0.3947166883
27656,0.5807672816
27663,0.5699559203
27673,0.3916636742
27677,0.3325806895
27678,0.2773458773
27680,0.4123258446
27681,0.608129366
27684,0.406814899
27688,0.3802051988
27706,0.3660050004
27709,0.3136555474
27720,0.4414238696
27722,0.3936637421
27733,0.4734971733
27734,0.3421538749
27739,0.3037039543
27746,0.6065587194
27751,0.5997495277
27755,0.3946634757
27777,0.4033783794
27783,0.3199796882
27795,0.3833557192
27805,0.3775281615
27811,0.577922925
27815,0.5324219901
27823,0.3631303881
27856,0.4267909944
27873,0.440521478
27883,0.3892306897
27885,0.5926053037
27887,0.5912479456
27899,0.3216542323
27921,0.3658087379
27924,0.3193450303
27927,0.306296051
27929,0.3916044245
27932,0.3164110428
27943,0.598842647
27945,0.5970695596
27952,0.3163012547
27957,0.5391257243
27960,0.386209232
27966,0.4010153643
27968,0.5758641644
27980,0.565452603
27984,0.4436086609
27994,0.415779531
27995,0.5821137161
28002,0.5676950016
28004,0.5655388992
28006,0.4748010304
28028,0.4503805599
28042,0.5792484585
28043,0.5779639682
28055,0.3529801431
28061,0.5401487371
28063,0.3406583925
28077,0.3699165022
28090,0.600024176
28093,0.3678154267
28095,0.3700216188
28096,0.5320826686
28098,0.6225516656
28099,0.5627233549
28111,0.3376563985
28115,0.3409027317
28123,0.31051682
28125,0.3704568697
28126,0.5839709767
28129,0.5736110701
28131,0.2931752159
28139,0.31671349
28146,0.4307800549
28153,0.4830340199
28155,0.3440954013
28160,0.5249227914
28166,0.4173520068
28167,0.5428778961
28176,0.5237904513
28185,0.4420512004
28187,0.5842911439
28195,0.6042934442
28203,0.3977094584
28206,0.3846953112
28209,0.5318246666
28210,0.3189538123
28211,0.3315056619
28216,0.3542020698
28234,0.3852837391
28235,0.5958860872
28248,0.3076770634
28255,0.4085892478
28266,0.3845681782
28277,0.3394988983
28286,0.3715975555
28288,0.3119661693
28289,0.4090356672
28290,0.4079932609
28296,0.3265760979
28300,0.5835181768
28306,0.4976959665
28307,0.326617749
28309,0.3278038718
28327,0.4947512166
28336,0.4467498386
28345,0.3933372796
28355,0.4803155685
28361,0.3305488864
28362,0.3656704324
28374,0.4092266391
28380,0.4352514731
28381,0.5498285356
28393,0.4186043848
28394,0.3340567113
28405,0.442072835
28413,0.339976708
28426,0.6407512358
28428,0.5010958673
28429,0.6332801649
28442,0.3670717856
28445,0.4119758823
28457,0.5640713266
28459,0.5306872735
28462,0.4134538713
28478,0.4432760418
28490,0.3585228513
28492,0.3880566311
28499,0.3833710543
28500,0.5666164328
28506,0.6305025989
28509,0.3585354491
28513,0.4163944531
28516,0.3762564648
28519,0.6027816647
28526,0.4724355658
28527,0.4065019774
28528,0.3955724538
28533,0.3278366843
28547,0.3125668943
28551,0.4291790071
28563,0.4758099847
28566,0.4614102967
28568,0.4275081953
28580,0.415677445
28589,0.4226613291
28590,0.5990748726
28606,0.3745354245
28613,0.3249035158
28615,0.4795650136
28619,0.587550188
28629,0.4083919583
28633,0.3876952333
28635,0.5683631077
28646,0.4467349954
28648,0.4442240012
28651,0.2708035694
28660,0.5169167736
28681,0.5523353664
28693,0.3742643653
28696,0.3073182535
28703,0.3225056581
28709,0.3349037303
28712,0.5933463318
28718,0.3867654179
28719,0.3491803936
28727,0.5045625149
28730,0.4248788377
28732,0.5758208134
28740,0.2986039842
28747,0.5517274023
28752,0.5434619083
28757,0.4393573626
28764,0.3225054552
28765,0.2658433086
28770,0.6357437484
28772,0.5045390149
28783,0.4332575413
28786,0.5611675564
28796,0.352162976
28799,0.5304497959
28806,0.5449150218
28807,0.3154764507
28815,0.4474167412
28818,0.4142016191
28823,0.3948377214
28824,0.3955666331
28831,0.5884650537
28834,0.3848371302
28841,0.4040979839
28848,0.5600509555
28882,0.3645309249
28884,0.3744515537
28904,0.5029088702
28907,0.5776821547
28919,0.5058738576
28920,0.4478248195
28928,0.4677328157
28935,0.2802461724
28936,0.2964075489
28945,0.3317838385
28950,0.4440582755
28957,0.6238915845
28963,0.4271770979
28974,0.5944693616
28980,0.4218685386
28988,0.4356034537
28999,0.3816238952
29001,0.4653036608
29004,0.2960013063
29006,0.370025643
29012,0.4160304565
29018,0.61370195
29027,0.3292506818
29030,0.3294091333
29032,0.4508944771
29039,0.3316216499
29043,0.5758641644
29056,0.5247617815
29064,0.5936643043
29068,0.2904732396
29069,0.3033516867
29074,0.4151298943
29076,0.3289653528
29085,0.3422045395
29088,0.5924776567
29091,0.3265293323
29092,0.5592314654
29093,0.3362914918
29094,0.3838270206
29108,0.5691383927
29114,0.5178481281
29115,0.4701022911
29118,0.4635398403
29125,0.4077009812
29127,0.5954212988
29150,0.3645706363
29152,0.4217676621
29155,0.5146889083
29165,0.5148471408
29167,0.592350906
29174,0.6075640456
29180,0.3362416786
29185,0.4156785387
29190,0.38495879
29192,0.562667681
29194,0.354777851
29220,0.3613323017
29231,0.5109158074
29237,0.464218704
29240,0.3928114452
29247,0.3571145679
29256,0.2856531112
29275,0.4191521836
29278,0.4047827911
29280,0.3723538488
29286,0.3548366768
29288,0.5095059388
29305,0.4917000456
29327,0.5499680173
29329,0.4617884436
29333,0.354557089
29335,0.3499757476
29342,0.6002135855
29344,0.3617581148
29353,0.4206897882
29358,0.3358838692
29373,0.3250569929
29392,0.5931349122
29393,0.4400489285
29395,0.5912689377
29403,0.4749672184
29405,0.475431306
29410,0.3236188927
29423,0.3395980608
29427,0.555331503
29429,0.2914372778
29432,0.3389010313
29440,0.5411030464
29447,0.3382245547
29448,0.2814578079
29452,0.4542274639
29455,0.371336323
29461,0.5222535697
29466,0.2910579821
29474,0.4128637727
29476,0.3403769614
29486,0.4048264417
29494,0.3755169597
29497,0.3948198374
29505,0.438133567
29511,0.6028440567
29516,0.5834378172
29522,0.3779960717
29523,0.5307915007
29524,0.5402793292
29529,0.5312848877
29533,0.3274630782
29535,0.3743454259
29548,0.5605046573
29551,0.3478795081
29563,0.3404033076
29574,0.5388400618
29575,0.2906427067
29592,0.3567101046
29599,0.4774761648
29608,0.2987103764
29613,0.5646863761
29620,0.3947257154
29630,0.5516818974
29637,0.324746797
29638,0.5622623195
29643,0.3951484204
29648,0.3248903059
29657,0.3600557693
29659,0.3096940315
29662,0.3492230563
29665,0.3662236869
29699,0.5715328415
29706,0.3789975992
29715,0.4945852023
29716,0.3669254177
29717,0.4988332394
29721,0.4457872686
29731,0.444432666
29735,0.4990468457
29739,0.403063848
29742,0.4077718574
29747,0.5326917825
29749,0.5201208615
29754,0.5867658589
29773,0.4886708899
29777,0.3963016744
29779,0.3089945356
29783,0.4197174563
29786,0.3664719451
29805,0.5555272025
29811,0.3831979597
29812,0.3603979238
29815,0.4294156985
29819,0.5179651919
29833,0.486166103
29847,0.4686829747
29854,0.5552153324
29856,0.309750923
29859,0.2942524336
29864,0.4221418032
29865,0.4235103492
29867,0.5642459571
29885,0.412108664
29894,0.3997463804
29900,0.4208913023
29910,0.4342481422
29928,0.3508641487
29942,0.3181379428
29951,0.5776339782
29953,0.5864858687
29962,0.4214519364
29968,0.3777696033
29974,0.4206700086
29980,0.5483145372
29987,0.3296881313
29993,0.4927149267
30001,0.4519428717
30005,0.4313224444
30015,0.3282550996
30034,0.2736741794
30041,0.5330477966
30044,0.4472294341
30058,0.286848096
30061,0.5288982663
30064,0.6044406295
30065,0.3654365897
30069,0.3246031618
30074,0.3489828559
30076,0.4697320531
30080,0.5730955916
30086,0.4349923987
30087,0.410565755
30092,0.2994906534
30093,0.5640713266
30096,0.4037460951
30097,0.5699772105
30098,0.4653455448
30102,0.5940240941
30106,0.3027452389
30110,0.5041155245
30111,0.5893573756
30122,0.3380428263
30128,0.3263098298
30130,0.634532859
30131,0.4124728292
30132,0.6210027991
30135,0.4185507774
30137,0.6080249646
30157,0.5994965762
30158,0.519932856
30162,0.4694711638
30170,0.576957735
30174,0.4604250596
30195,0.5916932559
30196,0.3641702902
30204,0.4125507864
30207,0.6045453646
30209,0.6040414685
30212,0.3603021524
30221,0.3860814031
30225,0.5785856263
30229,0.4216901978
30231,0.4615556909
30233,0.402923241
30237,0.5651987619
30239,0.5774688996
30242,0.5628271942
30244,0.3282277113
30249,0.3683711446
30262,0.3918679299
30286,0.3639856378
30292,0.3316152877
30303,0.2850566601
30320,0.4784636161
30322,0.4559821797
30355,0.3960719055
30356,0.4892299544
30372,0.4223767858
30375,0.4566815003
30379,0.3361599148
30384,0.4136581317
30386,0.512184045
30394,0.4026633246
30395,0.5031562292
30396,0.2979207359
30397,0.3371931444
30402,0.4102973052
30413,0.4742631266
30416,0.2764269136
30420,0.4627422078
30422,0.5392647369
30432,0.3297148475
30434,0.3826349839
30438,0.4086342675
30444,0.4261953612
30446,0.5986738921
30455,0.3939329389
30457,0.4034579469
30459,0.3961940269
30463,0.5620840039
30468,0.4188132829
30477,0.3927533461
30478,0.3737385124
30481,0.3565608014
30482,0.3863139097
30487,0.4324889623
30491,0.4102910382
30496,0.5832882047
30501,0.4504548567
30506,0.4339144845
30511,0.324599129
30513,0.3689830152
30516,0.3760120432
30520,0.5182225616
30531,0.3556921025
30542,0.578713613
30555,0.3601457863
30557,0.3693590022
30568,0.4621170381
30570,0.6119726078
30584,0.3050384823
30594,0.6195965583
30614,0.4153742887
30617,0.3411808718
30618,0.5324011131
30631,0.3986366395
30632,0.489076587
30634,0.5589300878
30636,0.5732533766
30637,0.5703296339
30639,0.4258468948
30647,0.3576466558
30649,0.557637327
30656,0.4500245347
30660,0.4091772868
30665,0.5444956611
30669,0.3729840603
30681,0.5722786323
30683,0.4798664611
30687,0.4757062334
30694,0.5563051459
22988,0.6043353956
